Command line invocation:
    /Applications/Xcode_26.3.app/Contents/Developer/usr/bin/xcodebuild archive -workspace ./ScannerSnap.xcworkspace -scheme ScannerSnap -configuration Release -destination generic/platform=iOS -archivePath /Users/runner/work/ScannerSnap/ScannerSnap/build.xcarchive

ComputePackagePrebuildTargetDependencyGraph

Prepare packages

CreateBuildRequest

SendProjectDescription

CreateBuildOperation

ComputeTargetDependencyGraph
note: Building targets in dependency order
note: Target dependency graph (4 targets)
    Target 'ScannerSnap' in project 'ScannerSnap'
        ➜ Implicit dependency on target 'Pods-ScannerSnap' in project 'Pods' via file 'Pods_ScannerSnap.framework' in build phase 'Link Binary'
    Target 'Pods-ScannerSnap' in project 'Pods'
        ➜ Explicit dependency on target 'UMCommon' in project 'Pods'
        ➜ Explicit dependency on target 'UMDevice' in project 'Pods'
    Target 'UMCommon' in project 'Pods'
        ➜ Explicit dependency on target 'UMDevice' in project 'Pods'
    Target 'UMDevice' in project 'Pods' (no dependencies)

GatherProvisioningInputs

CreateBuildDescription

ExecuteExternalTool /Applications/Xcode_26.3.app/Contents/Developer/Toolchains/XcodeDefault.xctoolchain/usr/bin/clang -v -E -dM -isysroot /Applications/Xcode_26.3.app/Contents/Developer/Platforms/iPhoneOS.platform/Developer/SDKs/iPhoneOS26.2.sdk -x c -c /dev/null

ExecuteExternalTool /Applications/Xcode_26.3.app/Contents/Developer/usr/bin/actool --print-asset-tag-combinations --output-format xml1 /Users/runner/work/ScannerSnap/ScannerSnap/ScannerSnap/Assets.xcassets

ExecuteExternalTool /Applications/Xcode_26.3.app/Contents/Developer/Toolchains/XcodeDefault.xctoolchain/usr/bin/clang -v -E -dM -arch arm64 -isysroot /Applications/Xcode_26.3.app/Contents/Developer/Platforms/iPhoneOS.platform/Developer/SDKs/iPhoneOS26.2.sdk -x c -c /dev/null

ExecuteExternalTool /Applications/Xcode_26.3.app/Contents/Developer/usr/bin/ibtool --version --output-format xml1

ExecuteExternalTool /Applications/Xcode_26.3.app/Contents/Developer/Toolchains/XcodeDefault.xctoolchain/usr/bin/clang -v -E -dM -arch arm64 -isysroot /Applications/Xcode_26.3.app/Contents/Developer/Platforms/iPhoneOS.platform/Developer/SDKs/iPhoneOS26.2.sdk -x objective-c -c /dev/null

ExecuteExternalTool /Applications/Xcode_26.3.app/Contents/Developer/Toolchains/XcodeDefault.xctoolchain/usr/bin/libtool -V

ExecuteExternalTool /Applications/Xcode_26.3.app/Contents/Developer/usr/bin/actool --version --output-format xml1

ExecuteExternalTool /Applications/Xcode_26.3.app/Contents/Developer/Toolchains/XcodeDefault.xctoolchain/usr/bin/swiftc --version

ExecuteExternalTool /Applications/Xcode_26.3.app/Contents/Developer/Toolchains/XcodeDefault.xctoolchain/usr/bin/ld -version_details

Build description signature: 16f23b19ad06ac179ddc776f71732645
Build description path: /Users/runner/Library/Developer/Xcode/DerivedData/ScannerSnap-fjzdjswwgvbpvmdfdokcshcchpwn/Build/Intermediates.noindex/ArchiveIntermediates/ScannerSnap/IntermediateBuildFilesPath/XCBuildData/16f23b19ad06ac179ddc776f71732645.xcbuilddata
CreateBuildDirectory /Users/runner/Library/Developer/Xcode/DerivedData/ScannerSnap-fjzdjswwgvbpvmdfdokcshcchpwn/Build/Intermediates.noindex/ArchiveIntermediates/ScannerSnap/InstallationBuildProductsLocation
    cd /Users/runner/work/ScannerSnap/ScannerSnap
    builtin-create-build-directory /Users/runner/Library/Developer/Xcode/DerivedData/ScannerSnap-fjzdjswwgvbpvmdfdokcshcchpwn/Build/Intermediates.noindex/ArchiveIntermediates/ScannerSnap/InstallationBuildProductsLocation

ClangStatCache /Applications/Xcode_26.3.app/Contents/Developer/Toolchains/XcodeDefault.xctoolchain/usr/bin/clang-stat-cache /Applications/Xcode_26.3.app/Contents/Developer/Platforms/iPhoneOS.platform/Developer/SDKs/iPhoneOS26.2.sdk /Users/runner/Library/Developer/Xcode/DerivedData/SDKStatCaches.noindex/iphoneos26.2-23C57-dc75598d0054f22ec865fa860f139d722dd23b4ebda140f7210d155ff1243552.sdkstatcache
    cd /Users/runner/work/ScannerSnap/ScannerSnap
    /Applications/Xcode_26.3.app/Contents/Developer/Toolchains/XcodeDefault.xctoolchain/usr/bin/clang-stat-cache /Applications/Xcode_26.3.app/Contents/Developer/Platforms/iPhoneOS.platform/Developer/SDKs/iPhoneOS26.2.sdk -o /Users/runner/Library/Developer/Xcode/DerivedData/SDKStatCaches.noindex/iphoneos26.2-23C57-dc75598d0054f22ec865fa860f139d722dd23b4ebda140f7210d155ff1243552.sdkstatcache

CreateBuildDirectory /Users/runner/Library/Developer/Xcode/DerivedData/ScannerSnap-fjzdjswwgvbpvmdfdokcshcchpwn/Build/Intermediates.noindex/ArchiveIntermediates/ScannerSnap/IntermediateBuildFilesPath
    cd /Users/runner/work/ScannerSnap/ScannerSnap
    builtin-create-build-directory /Users/runner/Library/Developer/Xcode/DerivedData/ScannerSnap-fjzdjswwgvbpvmdfdokcshcchpwn/Build/Intermediates.noindex/ArchiveIntermediates/ScannerSnap/IntermediateBuildFilesPath

CreateBuildDirectory /Users/runner/Library/Developer/Xcode/DerivedData/ScannerSnap-fjzdjswwgvbpvmdfdokcshcchpwn/Build/Intermediates.noindex/ArchiveIntermediates/ScannerSnap/BuildProductsPath
    cd /Users/runner/work/ScannerSnap/ScannerSnap
    builtin-create-build-directory /Users/runner/Library/Developer/Xcode/DerivedData/ScannerSnap-fjzdjswwgvbpvmdfdokcshcchpwn/Build/Intermediates.noindex/ArchiveIntermediates/ScannerSnap/BuildProductsPath

WriteAuxiliaryFile /Users/runner/Library/Developer/Xcode/DerivedData/ScannerSnap-fjzdjswwgvbpvmdfdokcshcchpwn/Build/Intermediates.noindex/ArchiveIntermediates/ScannerSnap/IntermediateBuildFilesPath/ScannerSnap.build/Release-iphoneos/ScannerSnap-16b25ce42712510a9f3ca4d8f3f39dcf-VFS-iphoneos/all-product-headers.yaml
    cd /Users/runner/work/ScannerSnap/ScannerSnap
    write-file /Users/runner/Library/Developer/Xcode/DerivedData/ScannerSnap-fjzdjswwgvbpvmdfdokcshcchpwn/Build/Intermediates.noindex/ArchiveIntermediates/ScannerSnap/IntermediateBuildFilesPath/ScannerSnap.build/Release-iphoneos/ScannerSnap-16b25ce42712510a9f3ca4d8f3f39dcf-VFS-iphoneos/all-product-headers.yaml

WriteAuxiliaryFile /Users/runner/Library/Developer/Xcode/DerivedData/ScannerSnap-fjzdjswwgvbpvmdfdokcshcchpwn/Build/Intermediates.noindex/ArchiveIntermediates/ScannerSnap/IntermediateBuildFilesPath/Pods.build/Release-iphoneos/Pods-8699adb1dd336b26511df848a716bd42-VFS-iphoneos/all-product-headers.yaml
    cd /Users/runner/work/ScannerSnap/ScannerSnap
    write-file /Users/runner/Library/Developer/Xcode/DerivedData/ScannerSnap-fjzdjswwgvbpvmdfdokcshcchpwn/Build/Intermediates.noindex/ArchiveIntermediates/ScannerSnap/IntermediateBuildFilesPath/Pods.build/Release-iphoneos/Pods-8699adb1dd336b26511df848a716bd42-VFS-iphoneos/all-product-headers.yaml

WriteAuxiliaryFile /Users/runner/Library/Developer/Xcode/DerivedData/ScannerSnap-fjzdjswwgvbpvmdfdokcshcchpwn/Build/Intermediates.noindex/ArchiveIntermediates/ScannerSnap/IntermediateBuildFilesPath/Pods.build/Release-iphoneos/UMDevice.build/Script-76FDD3DD0A74ED746723AC4DCCED8361.sh (in target 'UMDevice' from project 'Pods')
    cd /Users/runner/work/ScannerSnap/ScannerSnap/Pods
    write-file /Users/runner/Library/Developer/Xcode/DerivedData/ScannerSnap-fjzdjswwgvbpvmdfdokcshcchpwn/Build/Intermediates.noindex/ArchiveIntermediates/ScannerSnap/IntermediateBuildFilesPath/Pods.build/Release-iphoneos/UMDevice.build/Script-76FDD3DD0A74ED746723AC4DCCED8361.sh

WriteAuxiliaryFile /Users/runner/Library/Developer/Xcode/DerivedData/ScannerSnap-fjzdjswwgvbpvmdfdokcshcchpwn/Build/Intermediates.noindex/ArchiveIntermediates/ScannerSnap/IntermediateBuildFilesPath/Pods.build/Release-iphoneos/UMDevice.build/OutputFileList-76FDD3DD0A74ED746723AC4DCCED8361-UMDevice-xcframeworks-output-files-2792fd982b73d2e4198051bcafa9c59e-resolved.xcfilelist (in target 'UMDevice' from project 'Pods')
    cd /Users/runner/work/ScannerSnap/ScannerSnap/Pods
    write-file /Users/runner/Library/Developer/Xcode/DerivedData/ScannerSnap-fjzdjswwgvbpvmdfdokcshcchpwn/Build/Intermediates.noindex/ArchiveIntermediates/ScannerSnap/IntermediateBuildFilesPath/Pods.build/Release-iphoneos/UMDevice.build/OutputFileList-76FDD3DD0A74ED746723AC4DCCED8361-UMDevice-xcframeworks-output-files-2792fd982b73d2e4198051bcafa9c59e-resolved.xcfilelist

WriteAuxiliaryFile /Users/runner/Library/Developer/Xcode/DerivedData/ScannerSnap-fjzdjswwgvbpvmdfdokcshcchpwn/Build/Intermediates.noindex/ArchiveIntermediates/ScannerSnap/IntermediateBuildFilesPath/Pods.build/Release-iphoneos/UMDevice.build/InputFileList-76FDD3DD0A74ED746723AC4DCCED8361-UMDevice-xcframeworks-input-files-8aa161f70f213402019d73b5194f4e54-resolved.xcfilelist (in target 'UMDevice' from project 'Pods')
    cd /Users/runner/work/ScannerSnap/ScannerSnap/Pods
    write-file /Users/runner/Library/Developer/Xcode/DerivedData/ScannerSnap-fjzdjswwgvbpvmdfdokcshcchpwn/Build/Intermediates.noindex/ArchiveIntermediates/ScannerSnap/IntermediateBuildFilesPath/Pods.build/Release-iphoneos/UMDevice.build/InputFileList-76FDD3DD0A74ED746723AC4DCCED8361-UMDevice-xcframeworks-input-files-8aa161f70f213402019d73b5194f4e54-resolved.xcfilelist

PhaseScriptExecution [CP]\ Copy\ XCFrameworks /Users/runner/Library/Developer/Xcode/DerivedData/ScannerSnap-fjzdjswwgvbpvmdfdokcshcchpwn/Build/Intermediates.noindex/ArchiveIntermediates/ScannerSnap/IntermediateBuildFilesPath/Pods.build/Release-iphoneos/UMDevice.build/Script-76FDD3DD0A74ED746723AC4DCCED8361.sh (in target 'UMDevice' from project 'Pods')
    cd /Users/runner/work/ScannerSnap/ScannerSnap/Pods
    /bin/sh -c /Users/runner/Library/Developer/Xcode/DerivedData/ScannerSnap-fjzdjswwgvbpvmdfdokcshcchpwn/Build/Intermediates.noindex/ArchiveIntermediates/ScannerSnap/IntermediateBuildFilesPath/Pods.build/Release-iphoneos/UMDevice.build/Script-76FDD3DD0A74ED746723AC4DCCED8361.sh
Selected xcframework slice ios-arm64
rsync --delete -av --filter P .*.?????? --links --filter "- CVS/" --filter "- .svn/" --filter "- .git/" --filter "- .hg/" "/Users/runner/work/ScannerSnap/ScannerSnap/Pods/UMDevice/UMDevice_3.5.0/UMDevice.xcframework/ios-arm64/*" "/Users/runner/Library/Developer/Xcode/DerivedData/ScannerSnap-fjzdjswwgvbpvmdfdokcshcchpwn/Build/Intermediates.noindex/ArchiveIntermediates/ScannerSnap/BuildProductsPath/Release-iphoneos/XCFrameworkIntermediates/UMDevice"
Transfer starting: 14 files
UMDevice.framework/
UMDevice.framework/Info.plist
UMDevice.framework/PrivacyInfo.xcprivacy
UMDevice.framework/UMDevice
UMDevice.framework/Headers/
UMDevice.framework/Headers/UMZid.h
UMDevice.framework/Modules/
UMDevice.framework/Modules/module.modulemap
UMDevice.framework/_CodeSignature/
UMDevice.framework/_CodeSignature/CodeDirectory
UMDevice.framework/_CodeSignature/CodeRequirements
UMDevice.framework/_CodeSignature/CodeRequirements-1
UMDevice.framework/_CodeSignature/CodeResources
UMDevice.framework/_CodeSignature/CodeSignature

sent 459792 bytes  received 264 bytes  1782471 bytes/sec
total size is 458276  speedup is 1.00
Copied /Users/runner/work/ScannerSnap/ScannerSnap/Pods/UMDevice/UMDevice_3.5.0/UMDevice.xcframework/ios-arm64 to /Users/runner/Library/Developer/Xcode/DerivedData/ScannerSnap-fjzdjswwgvbpvmdfdokcshcchpwn/Build/Intermediates.noindex/ArchiveIntermediates/ScannerSnap/BuildProductsPath/Release-iphoneos/XCFrameworkIntermediates/UMDevice

WriteAuxiliaryFile /Users/runner/Library/Developer/Xcode/DerivedData/ScannerSnap-fjzdjswwgvbpvmdfdokcshcchpwn/Build/Intermediates.noindex/ArchiveIntermediates/ScannerSnap/IntermediateBuildFilesPath/Pods.build/Release-iphoneos/UMCommon.build/Script-1F61E678B6D8F054218E48EE26BCD60C.sh (in target 'UMCommon' from project 'Pods')
    cd /Users/runner/work/ScannerSnap/ScannerSnap/Pods
    write-file /Users/runner/Library/Developer/Xcode/DerivedData/ScannerSnap-fjzdjswwgvbpvmdfdokcshcchpwn/Build/Intermediates.noindex/ArchiveIntermediates/ScannerSnap/IntermediateBuildFilesPath/Pods.build/Release-iphoneos/UMCommon.build/Script-1F61E678B6D8F054218E48EE26BCD60C.sh

WriteAuxiliaryFile /Users/runner/Library/Developer/Xcode/DerivedData/ScannerSnap-fjzdjswwgvbpvmdfdokcshcchpwn/Build/Intermediates.noindex/ArchiveIntermediates/ScannerSnap/IntermediateBuildFilesPath/Pods.build/Release-iphoneos/UMCommon.build/OutputFileList-1F61E678B6D8F054218E48EE26BCD60C-UMCommon-xcframeworks-output-files-50ec0bd8665f425945bd73978f27b485-resolved.xcfilelist (in target 'UMCommon' from project 'Pods')
    cd /Users/runner/work/ScannerSnap/ScannerSnap/Pods
    write-file /Users/runner/Library/Developer/Xcode/DerivedData/ScannerSnap-fjzdjswwgvbpvmdfdokcshcchpwn/Build/Intermediates.noindex/ArchiveIntermediates/ScannerSnap/IntermediateBuildFilesPath/Pods.build/Release-iphoneos/UMCommon.build/OutputFileList-1F61E678B6D8F054218E48EE26BCD60C-UMCommon-xcframeworks-output-files-50ec0bd8665f425945bd73978f27b485-resolved.xcfilelist

WriteAuxiliaryFile /Users/runner/Library/Developer/Xcode/DerivedData/ScannerSnap-fjzdjswwgvbpvmdfdokcshcchpwn/Build/Intermediates.noindex/ArchiveIntermediates/ScannerSnap/IntermediateBuildFilesPath/Pods.build/Release-iphoneos/UMCommon.build/InputFileList-1F61E678B6D8F054218E48EE26BCD60C-UMCommon-xcframeworks-input-files-8e743caf5698a19f08b319ccde1cc313-resolved.xcfilelist (in target 'UMCommon' from project 'Pods')
    cd /Users/runner/work/ScannerSnap/ScannerSnap/Pods
    write-file /Users/runner/Library/Developer/Xcode/DerivedData/ScannerSnap-fjzdjswwgvbpvmdfdokcshcchpwn/Build/Intermediates.noindex/ArchiveIntermediates/ScannerSnap/IntermediateBuildFilesPath/Pods.build/Release-iphoneos/UMCommon.build/InputFileList-1F61E678B6D8F054218E48EE26BCD60C-UMCommon-xcframeworks-input-files-8e743caf5698a19f08b319ccde1cc313-resolved.xcfilelist

CreateBuildDirectory /Users/runner/Library/Developer/Xcode/DerivedData/ScannerSnap-fjzdjswwgvbpvmdfdokcshcchpwn/Build/Intermediates.noindex/ArchiveIntermediates/ScannerSnap/IntermediateBuildFilesPath/SwiftExplicitPrecompiledModules
    cd /Users/runner/work/ScannerSnap/ScannerSnap
    builtin-create-build-directory /Users/runner/Library/Developer/Xcode/DerivedData/ScannerSnap-fjzdjswwgvbpvmdfdokcshcchpwn/Build/Intermediates.noindex/ArchiveIntermediates/ScannerSnap/IntermediateBuildFilesPath/SwiftExplicitPrecompiledModules

CreateBuildDirectory /Users/runner/Library/Developer/Xcode/DerivedData/ScannerSnap-fjzdjswwgvbpvmdfdokcshcchpwn/Build/Intermediates.noindex/ArchiveIntermediates/ScannerSnap/IntermediateBuildFilesPath/ExplicitPrecompiledModules
    cd /Users/runner/work/ScannerSnap/ScannerSnap
    builtin-create-build-directory /Users/runner/Library/Developer/Xcode/DerivedData/ScannerSnap-fjzdjswwgvbpvmdfdokcshcchpwn/Build/Intermediates.noindex/ArchiveIntermediates/ScannerSnap/IntermediateBuildFilesPath/ExplicitPrecompiledModules

CreateBuildDirectory /Users/runner/Library/Developer/Xcode/DerivedData/ScannerSnap-fjzdjswwgvbpvmdfdokcshcchpwn/Build/Intermediates.noindex/ArchiveIntermediates/ScannerSnap/IntermediateBuildFilesPath/EagerLinkingTBDs/Release-iphoneos
    cd /Users/runner/work/ScannerSnap/ScannerSnap
    builtin-create-build-directory /Users/runner/Library/Developer/Xcode/DerivedData/ScannerSnap-fjzdjswwgvbpvmdfdokcshcchpwn/Build/Intermediates.noindex/ArchiveIntermediates/ScannerSnap/IntermediateBuildFilesPath/EagerLinkingTBDs/Release-iphoneos

CreateBuildDirectory /Users/runner/Library/Developer/Xcode/DerivedData/ScannerSnap-fjzdjswwgvbpvmdfdokcshcchpwn/Build/Intermediates.noindex/ArchiveIntermediates/ScannerSnap/BuildProductsPath/Release-iphoneos
    cd /Users/runner/work/ScannerSnap/ScannerSnap
    builtin-create-build-directory /Users/runner/Library/Developer/Xcode/DerivedData/ScannerSnap-fjzdjswwgvbpvmdfdokcshcchpwn/Build/Intermediates.noindex/ArchiveIntermediates/ScannerSnap/BuildProductsPath/Release-iphoneos

WriteAuxiliaryFile /Users/runner/Library/Developer/Xcode/DerivedData/ScannerSnap-fjzdjswwgvbpvmdfdokcshcchpwn/Build/Intermediates.noindex/ArchiveIntermediates/ScannerSnap/IntermediateBuildFilesPath/ScannerSnap.build/Release-iphoneos/ScannerSnap.build/Script-D694D1D4D0D1E50E4234A610.sh (in target 'ScannerSnap' from project 'ScannerSnap')
    cd /Users/runner/work/ScannerSnap/ScannerSnap
    write-file /Users/runner/Library/Developer/Xcode/DerivedData/ScannerSnap-fjzdjswwgvbpvmdfdokcshcchpwn/Build/Intermediates.noindex/ArchiveIntermediates/ScannerSnap/IntermediateBuildFilesPath/ScannerSnap.build/Release-iphoneos/ScannerSnap.build/Script-D694D1D4D0D1E50E4234A610.sh

WriteAuxiliaryFile /Users/runner/Library/Developer/Xcode/DerivedData/ScannerSnap-fjzdjswwgvbpvmdfdokcshcchpwn/Build/Intermediates.noindex/ArchiveIntermediates/ScannerSnap/IntermediateBuildFilesPath/ScannerSnap.build/Release-iphoneos/ScannerSnap.build/ScannerSnap.hmap (in target 'ScannerSnap' from project 'ScannerSnap')
    cd /Users/runner/work/ScannerSnap/ScannerSnap
    write-file /Users/runner/Library/Developer/Xcode/DerivedData/ScannerSnap-fjzdjswwgvbpvmdfdokcshcchpwn/Build/Intermediates.noindex/ArchiveIntermediates/ScannerSnap/IntermediateBuildFilesPath/ScannerSnap.build/Release-iphoneos/ScannerSnap.build/ScannerSnap.hmap

WriteAuxiliaryFile /Users/runner/Library/Developer/Xcode/DerivedData/ScannerSnap-fjzdjswwgvbpvmdfdokcshcchpwn/Build/Intermediates.noindex/ArchiveIntermediates/ScannerSnap/IntermediateBuildFilesPath/ScannerSnap.build/Release-iphoneos/ScannerSnap.build/ScannerSnap.DependencyStaticMetadataFileList (in target 'ScannerSnap' from project 'ScannerSnap')
    cd /Users/runner/work/ScannerSnap/ScannerSnap
    write-file /Users/runner/Library/Developer/Xcode/DerivedData/ScannerSnap-fjzdjswwgvbpvmdfdokcshcchpwn/Build/Intermediates.noindex/ArchiveIntermediates/ScannerSnap/IntermediateBuildFilesPath/ScannerSnap.build/Release-iphoneos/ScannerSnap.build/ScannerSnap.DependencyStaticMetadataFileList

WriteAuxiliaryFile /Users/runner/Library/Developer/Xcode/DerivedData/ScannerSnap-fjzdjswwgvbpvmdfdokcshcchpwn/Build/Intermediates.noindex/ArchiveIntermediates/ScannerSnap/IntermediateBuildFilesPath/ScannerSnap.build/Release-iphoneos/ScannerSnap.build/ScannerSnap.DependencyMetadataFileList (in target 'ScannerSnap' from project 'ScannerSnap')
    cd /Users/runner/work/ScannerSnap/ScannerSnap
    write-file /Users/runner/Library/Developer/Xcode/DerivedData/ScannerSnap-fjzdjswwgvbpvmdfdokcshcchpwn/Build/Intermediates.noindex/ArchiveIntermediates/ScannerSnap/IntermediateBuildFilesPath/ScannerSnap.build/Release-iphoneos/ScannerSnap.build/ScannerSnap.DependencyMetadataFileList

WriteAuxiliaryFile /Users/runner/Library/Developer/Xcode/DerivedData/ScannerSnap-fjzdjswwgvbpvmdfdokcshcchpwn/Build/Intermediates.noindex/ArchiveIntermediates/ScannerSnap/IntermediateBuildFilesPath/ScannerSnap.build/Release-iphoneos/ScannerSnap.build/ScannerSnap-project-headers.hmap (in target 'ScannerSnap' from project 'ScannerSnap')
    cd /Users/runner/work/ScannerSnap/ScannerSnap
    write-file /Users/runner/Library/Developer/Xcode/DerivedData/ScannerSnap-fjzdjswwgvbpvmdfdokcshcchpwn/Build/Intermediates.noindex/ArchiveIntermediates/ScannerSnap/IntermediateBuildFilesPath/ScannerSnap.build/Release-iphoneos/ScannerSnap.build/ScannerSnap-project-headers.hmap

WriteAuxiliaryFile /Users/runner/Library/Developer/Xcode/DerivedData/ScannerSnap-fjzdjswwgvbpvmdfdokcshcchpwn/Build/Intermediates.noindex/ArchiveIntermediates/ScannerSnap/IntermediateBuildFilesPath/ScannerSnap.build/Release-iphoneos/ScannerSnap.build/ScannerSnap-own-target-headers.hmap (in target 'ScannerSnap' from project 'ScannerSnap')
    cd /Users/runner/work/ScannerSnap/ScannerSnap
    write-file /Users/runner/Library/Developer/Xcode/DerivedData/ScannerSnap-fjzdjswwgvbpvmdfdokcshcchpwn/Build/Intermediates.noindex/ArchiveIntermediates/ScannerSnap/IntermediateBuildFilesPath/ScannerSnap.build/Release-iphoneos/ScannerSnap.build/ScannerSnap-own-target-headers.hmap

WriteAuxiliaryFile /Users/runner/Library/Developer/Xcode/DerivedData/ScannerSnap-fjzdjswwgvbpvmdfdokcshcchpwn/Build/Intermediates.noindex/ArchiveIntermediates/ScannerSnap/IntermediateBuildFilesPath/ScannerSnap.build/Release-iphoneos/ScannerSnap.build/ScannerSnap-generated-files.hmap (in target 'ScannerSnap' from project 'ScannerSnap')
    cd /Users/runner/work/ScannerSnap/ScannerSnap
    write-file /Users/runner/Library/Developer/Xcode/DerivedData/ScannerSnap-fjzdjswwgvbpvmdfdokcshcchpwn/Build/Intermediates.noindex/ArchiveIntermediates/ScannerSnap/IntermediateBuildFilesPath/ScannerSnap.build/Release-iphoneos/ScannerSnap.build/ScannerSnap-generated-files.hmap

WriteAuxiliaryFile /Users/runner/Library/Developer/Xcode/DerivedData/ScannerSnap-fjzdjswwgvbpvmdfdokcshcchpwn/Build/Intermediates.noindex/ArchiveIntermediates/ScannerSnap/IntermediateBuildFilesPath/ScannerSnap.build/Release-iphoneos/ScannerSnap.build/ScannerSnap-all-target-headers.hmap (in target 'ScannerSnap' from project 'ScannerSnap')
    cd /Users/runner/work/ScannerSnap/ScannerSnap
    write-file /Users/runner/Library/Developer/Xcode/DerivedData/ScannerSnap-fjzdjswwgvbpvmdfdokcshcchpwn/Build/Intermediates.noindex/ArchiveIntermediates/ScannerSnap/IntermediateBuildFilesPath/ScannerSnap.build/Release-iphoneos/ScannerSnap.build/ScannerSnap-all-target-headers.hmap

WriteAuxiliaryFile /Users/runner/Library/Developer/Xcode/DerivedData/ScannerSnap-fjzdjswwgvbpvmdfdokcshcchpwn/Build/Intermediates.noindex/ArchiveIntermediates/ScannerSnap/IntermediateBuildFilesPath/ScannerSnap.build/Release-iphoneos/ScannerSnap.build/ScannerSnap-all-non-framework-target-headers.hmap (in target 'ScannerSnap' from project 'ScannerSnap')
    cd /Users/runner/work/ScannerSnap/ScannerSnap
    write-file /Users/runner/Library/Developer/Xcode/DerivedData/ScannerSnap-fjzdjswwgvbpvmdfdokcshcchpwn/Build/Intermediates.noindex/ArchiveIntermediates/ScannerSnap/IntermediateBuildFilesPath/ScannerSnap.build/Release-iphoneos/ScannerSnap.build/ScannerSnap-all-non-framework-target-headers.hmap

WriteAuxiliaryFile /Users/runner/Library/Developer/Xcode/DerivedData/ScannerSnap-fjzdjswwgvbpvmdfdokcshcchpwn/Build/Intermediates.noindex/ArchiveIntermediates/ScannerSnap/IntermediateBuildFilesPath/ScannerSnap.build/Release-iphoneos/ScannerSnap.build/Objects-normal/arm64/ScannerSnap_const_extract_protocols.json (in target 'ScannerSnap' from project 'ScannerSnap')
    cd /Users/runner/work/ScannerSnap/ScannerSnap
    write-file /Users/runner/Library/Developer/Xcode/DerivedData/ScannerSnap-fjzdjswwgvbpvmdfdokcshcchpwn/Build/Intermediates.noindex/ArchiveIntermediates/ScannerSnap/IntermediateBuildFilesPath/ScannerSnap.build/Release-iphoneos/ScannerSnap.build/Objects-normal/arm64/ScannerSnap_const_extract_protocols.json

WriteAuxiliaryFile /Users/runner/Library/Developer/Xcode/DerivedData/ScannerSnap-fjzdjswwgvbpvmdfdokcshcchpwn/Build/Intermediates.noindex/ArchiveIntermediates/ScannerSnap/IntermediateBuildFilesPath/ScannerSnap.build/Release-iphoneos/ScannerSnap.build/Objects-normal/arm64/ScannerSnap.SwiftFileList (in target 'ScannerSnap' from project 'ScannerSnap')
    cd /Users/runner/work/ScannerSnap/ScannerSnap
    write-file /Users/runner/Library/Developer/Xcode/DerivedData/ScannerSnap-fjzdjswwgvbpvmdfdokcshcchpwn/Build/Intermediates.noindex/ArchiveIntermediates/ScannerSnap/IntermediateBuildFilesPath/ScannerSnap.build/Release-iphoneos/ScannerSnap.build/Objects-normal/arm64/ScannerSnap.SwiftFileList

WriteAuxiliaryFile /Users/runner/Library/Developer/Xcode/DerivedData/ScannerSnap-fjzdjswwgvbpvmdfdokcshcchpwn/Build/Intermediates.noindex/ArchiveIntermediates/ScannerSnap/IntermediateBuildFilesPath/ScannerSnap.build/Release-iphoneos/ScannerSnap.build/Objects-normal/arm64/ScannerSnap.SwiftConstValuesFileList (in target 'ScannerSnap' from project 'ScannerSnap')
    cd /Users/runner/work/ScannerSnap/ScannerSnap
    write-file /Users/runner/Library/Developer/Xcode/DerivedData/ScannerSnap-fjzdjswwgvbpvmdfdokcshcchpwn/Build/Intermediates.noindex/ArchiveIntermediates/ScannerSnap/IntermediateBuildFilesPath/ScannerSnap.build/Release-iphoneos/ScannerSnap.build/Objects-normal/arm64/ScannerSnap.SwiftConstValuesFileList

WriteAuxiliaryFile /Users/runner/Library/Developer/Xcode/DerivedData/ScannerSnap-fjzdjswwgvbpvmdfdokcshcchpwn/Build/Intermediates.noindex/ArchiveIntermediates/ScannerSnap/IntermediateBuildFilesPath/ScannerSnap.build/Release-iphoneos/ScannerSnap.build/Objects-normal/arm64/ScannerSnap.LinkFileList (in target 'ScannerSnap' from project 'ScannerSnap')
    cd /Users/runner/work/ScannerSnap/ScannerSnap
    write-file /Users/runner/Library/Developer/Xcode/DerivedData/ScannerSnap-fjzdjswwgvbpvmdfdokcshcchpwn/Build/Intermediates.noindex/ArchiveIntermediates/ScannerSnap/IntermediateBuildFilesPath/ScannerSnap.build/Release-iphoneos/ScannerSnap.build/Objects-normal/arm64/ScannerSnap.LinkFileList

WriteAuxiliaryFile /Users/runner/Library/Developer/Xcode/DerivedData/ScannerSnap-fjzdjswwgvbpvmdfdokcshcchpwn/Build/Intermediates.noindex/ArchiveIntermediates/ScannerSnap/IntermediateBuildFilesPath/ScannerSnap.build/Release-iphoneos/ScannerSnap.build/Objects-normal/arm64/ScannerSnap-OutputFileMap.json (in target 'ScannerSnap' from project 'ScannerSnap')
    cd /Users/runner/work/ScannerSnap/ScannerSnap
    write-file /Users/runner/Library/Developer/Xcode/DerivedData/ScannerSnap-fjzdjswwgvbpvmdfdokcshcchpwn/Build/Intermediates.noindex/ArchiveIntermediates/ScannerSnap/IntermediateBuildFilesPath/ScannerSnap.build/Release-iphoneos/ScannerSnap.build/Objects-normal/arm64/ScannerSnap-OutputFileMap.json

WriteAuxiliaryFile /Users/runner/Library/Developer/Xcode/DerivedData/ScannerSnap-fjzdjswwgvbpvmdfdokcshcchpwn/Build/Intermediates.noindex/ArchiveIntermediates/ScannerSnap/IntermediateBuildFilesPath/ScannerSnap.build/Release-iphoneos/ScannerSnap.build/DerivedSources/Entitlements.plist (in target 'ScannerSnap' from project 'ScannerSnap')
    cd /Users/runner/work/ScannerSnap/ScannerSnap
    write-file /Users/runner/Library/Developer/Xcode/DerivedData/ScannerSnap-fjzdjswwgvbpvmdfdokcshcchpwn/Build/Intermediates.noindex/ArchiveIntermediates/ScannerSnap/IntermediateBuildFilesPath/ScannerSnap.build/Release-iphoneos/ScannerSnap.build/DerivedSources/Entitlements.plist

WriteAuxiliaryFile /Users/runner/Library/Developer/Xcode/DerivedData/ScannerSnap-fjzdjswwgvbpvmdfdokcshcchpwn/Build/Intermediates.noindex/ArchiveIntermediates/ScannerSnap/IntermediateBuildFilesPath/ScannerSnap.build/Release-iphoneos/ScannerSnap.build/56cdf7a52821f05e3491d5e3b78bc127.sb (in target 'ScannerSnap' from project 'ScannerSnap')
    cd /Users/runner/work/ScannerSnap/ScannerSnap
    write-file /Users/runner/Library/Developer/Xcode/DerivedData/ScannerSnap-fjzdjswwgvbpvmdfdokcshcchpwn/Build/Intermediates.noindex/ArchiveIntermediates/ScannerSnap/IntermediateBuildFilesPath/ScannerSnap.build/Release-iphoneos/ScannerSnap.build/56cdf7a52821f05e3491d5e3b78bc127.sb

WriteAuxiliaryFile /Users/runner/Library/Developer/Xcode/DerivedData/ScannerSnap-fjzdjswwgvbpvmdfdokcshcchpwn/Build/Intermediates.noindex/ArchiveIntermediates/ScannerSnap/IntermediateBuildFilesPath/Pods.build/Release-iphoneos/Pods-ScannerSnap.build/Pods_ScannerSnap.hmap (in target 'Pods-ScannerSnap' from project 'Pods')
    cd /Users/runner/work/ScannerSnap/ScannerSnap/Pods
    write-file /Users/runner/Library/Developer/Xcode/DerivedData/ScannerSnap-fjzdjswwgvbpvmdfdokcshcchpwn/Build/Intermediates.noindex/ArchiveIntermediates/ScannerSnap/IntermediateBuildFilesPath/Pods.build/Release-iphoneos/Pods-ScannerSnap.build/Pods_ScannerSnap.hmap

WriteAuxiliaryFile /Users/runner/Library/Developer/Xcode/DerivedData/ScannerSnap-fjzdjswwgvbpvmdfdokcshcchpwn/Build/Intermediates.noindex/ArchiveIntermediates/ScannerSnap/IntermediateBuildFilesPath/Pods.build/Release-iphoneos/Pods-ScannerSnap.build/Pods_ScannerSnap.DependencyStaticMetadataFileList (in target 'Pods-ScannerSnap' from project 'Pods')
    cd /Users/runner/work/ScannerSnap/ScannerSnap/Pods
    write-file /Users/runner/Library/Developer/Xcode/DerivedData/ScannerSnap-fjzdjswwgvbpvmdfdokcshcchpwn/Build/Intermediates.noindex/ArchiveIntermediates/ScannerSnap/IntermediateBuildFilesPath/Pods.build/Release-iphoneos/Pods-ScannerSnap.build/Pods_ScannerSnap.DependencyStaticMetadataFileList

WriteAuxiliaryFile /Users/runner/Library/Developer/Xcode/DerivedData/ScannerSnap-fjzdjswwgvbpvmdfdokcshcchpwn/Build/Intermediates.noindex/ArchiveIntermediates/ScannerSnap/IntermediateBuildFilesPath/Pods.build/Release-iphoneos/Pods-ScannerSnap.build/Pods_ScannerSnap.DependencyMetadataFileList (in target 'Pods-ScannerSnap' from project 'Pods')
    cd /Users/runner/work/ScannerSnap/ScannerSnap/Pods
    write-file /Users/runner/Library/Developer/Xcode/DerivedData/ScannerSnap-fjzdjswwgvbpvmdfdokcshcchpwn/Build/Intermediates.noindex/ArchiveIntermediates/ScannerSnap/IntermediateBuildFilesPath/Pods.build/Release-iphoneos/Pods-ScannerSnap.build/Pods_ScannerSnap.DependencyMetadataFileList

WriteAuxiliaryFile /Users/runner/Library/Developer/Xcode/DerivedData/ScannerSnap-fjzdjswwgvbpvmdfdokcshcchpwn/Build/Intermediates.noindex/ArchiveIntermediates/ScannerSnap/IntermediateBuildFilesPath/Pods.build/Release-iphoneos/Pods-ScannerSnap.build/Pods_ScannerSnap-project-headers.hmap (in target 'Pods-ScannerSnap' from project 'Pods')
    cd /Users/runner/work/ScannerSnap/ScannerSnap/Pods
    write-file /Users/runner/Library/Developer/Xcode/DerivedData/ScannerSnap-fjzdjswwgvbpvmdfdokcshcchpwn/Build/Intermediates.noindex/ArchiveIntermediates/ScannerSnap/IntermediateBuildFilesPath/Pods.build/Release-iphoneos/Pods-ScannerSnap.build/Pods_ScannerSnap-project-headers.hmap

WriteAuxiliaryFile /Users/runner/Library/Developer/Xcode/DerivedData/ScannerSnap-fjzdjswwgvbpvmdfdokcshcchpwn/Build/Intermediates.noindex/ArchiveIntermediates/ScannerSnap/IntermediateBuildFilesPath/Pods.build/Release-iphoneos/Pods-ScannerSnap.build/Pods_ScannerSnap-own-target-headers.hmap (in target 'Pods-ScannerSnap' from project 'Pods')
    cd /Users/runner/work/ScannerSnap/ScannerSnap/Pods
    write-file /Users/runner/Library/Developer/Xcode/DerivedData/ScannerSnap-fjzdjswwgvbpvmdfdokcshcchpwn/Build/Intermediates.noindex/ArchiveIntermediates/ScannerSnap/IntermediateBuildFilesPath/Pods.build/Release-iphoneos/Pods-ScannerSnap.build/Pods_ScannerSnap-own-target-headers.hmap

WriteAuxiliaryFile /Users/runner/Library/Developer/Xcode/DerivedData/ScannerSnap-fjzdjswwgvbpvmdfdokcshcchpwn/Build/Intermediates.noindex/ArchiveIntermediates/ScannerSnap/IntermediateBuildFilesPath/Pods.build/Release-iphoneos/Pods-ScannerSnap.build/Pods_ScannerSnap-generated-files.hmap (in target 'Pods-ScannerSnap' from project 'Pods')
    cd /Users/runner/work/ScannerSnap/ScannerSnap/Pods
    write-file /Users/runner/Library/Developer/Xcode/DerivedData/ScannerSnap-fjzdjswwgvbpvmdfdokcshcchpwn/Build/Intermediates.noindex/ArchiveIntermediates/ScannerSnap/IntermediateBuildFilesPath/Pods.build/Release-iphoneos/Pods-ScannerSnap.build/Pods_ScannerSnap-generated-files.hmap

WriteAuxiliaryFile /Users/runner/Library/Developer/Xcode/DerivedData/ScannerSnap-fjzdjswwgvbpvmdfdokcshcchpwn/Build/Intermediates.noindex/ArchiveIntermediates/ScannerSnap/IntermediateBuildFilesPath/Pods.build/Release-iphoneos/Pods-ScannerSnap.build/Pods_ScannerSnap-all-target-headers.hmap (in target 'Pods-ScannerSnap' from project 'Pods')
    cd /Users/runner/work/ScannerSnap/ScannerSnap/Pods
    write-file /Users/runner/Library/Developer/Xcode/DerivedData/ScannerSnap-fjzdjswwgvbpvmdfdokcshcchpwn/Build/Intermediates.noindex/ArchiveIntermediates/ScannerSnap/IntermediateBuildFilesPath/Pods.build/Release-iphoneos/Pods-ScannerSnap.build/Pods_ScannerSnap-all-target-headers.hmap

WriteAuxiliaryFile /Users/runner/Library/Developer/Xcode/DerivedData/ScannerSnap-fjzdjswwgvbpvmdfdokcshcchpwn/Build/Intermediates.noindex/ArchiveIntermediates/ScannerSnap/IntermediateBuildFilesPath/Pods.build/Release-iphoneos/Pods-ScannerSnap.build/Pods_ScannerSnap-all-non-framework-target-headers.hmap (in target 'Pods-ScannerSnap' from project 'Pods')
    cd /Users/runner/work/ScannerSnap/ScannerSnap/Pods
    write-file /Users/runner/Library/Developer/Xcode/DerivedData/ScannerSnap-fjzdjswwgvbpvmdfdokcshcchpwn/Build/Intermediates.noindex/ArchiveIntermediates/ScannerSnap/IntermediateBuildFilesPath/Pods.build/Release-iphoneos/Pods-ScannerSnap.build/Pods_ScannerSnap-all-non-framework-target-headers.hmap

WriteAuxiliaryFile /Users/runner/Library/Developer/Xcode/DerivedData/ScannerSnap-fjzdjswwgvbpvmdfdokcshcchpwn/Build/Intermediates.noindex/ArchiveIntermediates/ScannerSnap/IntermediateBuildFilesPath/Pods.build/Release-iphoneos/Pods-ScannerSnap.build/Objects-normal/arm64/e6072d4f65d7061329687fe24e3d63a7-common-args.resp (in target 'Pods-ScannerSnap' from project 'Pods')
    cd /Users/runner/work/ScannerSnap/ScannerSnap/Pods
    write-file /Users/runner/Library/Developer/Xcode/DerivedData/ScannerSnap-fjzdjswwgvbpvmdfdokcshcchpwn/Build/Intermediates.noindex/ArchiveIntermediates/ScannerSnap/IntermediateBuildFilesPath/Pods.build/Release-iphoneos/Pods-ScannerSnap.build/Objects-normal/arm64/e6072d4f65d7061329687fe24e3d63a7-common-args.resp
-target arm64-apple-ios15.0 '-std=gnu11' -fobjc-arc -fmodules -gmodules '-fmodules-cache-path=/Users/runner/Library/Developer/Xcode/DerivedData/ModuleCache.noindex' '-fmodule-name=Pods_ScannerSnap' -fpascal-strings -Os -fno-common '-DPOD_CONFIGURATION_RELEASE=1' '-DCOCOAPODS=1' '-DNS_BLOCK_ASSERTIONS=1' '-DOBJC_OLD_DISPATCH_PROTOTYPES=0' -isysroot /Applications/Xcode_26.3.app/Contents/Developer/Platforms/iPhoneOS.platform/Developer/SDKs/iPhoneOS26.2.sdk -g -iquote /Users/runner/Library/Developer/Xcode/DerivedData/ScannerSnap-fjzdjswwgvbpvmdfdokcshcchpwn/Build/Intermediates.noindex/ArchiveIntermediates/ScannerSnap/IntermediateBuildFilesPath/Pods.build/Release-iphoneos/Pods-ScannerSnap.build/Pods_ScannerSnap-generated-files.hmap -I/Users/runner/Library/Developer/Xcode/DerivedData/ScannerSnap-fjzdjswwgvbpvmdfdokcshcchpwn/Build/Intermediates.noindex/ArchiveIntermediates/ScannerSnap/IntermediateBuildFilesPath/Pods.build/Release-iphoneos/Pods-ScannerSnap.build/Pods_ScannerSnap-own-target-headers.hmap -I/Users/runner/Library/Developer/Xcode/DerivedData/ScannerSnap-fjzdjswwgvbpvmdfdokcshcchpwn/Build/Intermediates.noindex/ArchiveIntermediates/ScannerSnap/IntermediateBuildFilesPath/Pods.build/Release-iphoneos/Pods-ScannerSnap.build/Pods_ScannerSnap-all-non-framework-target-headers.hmap -ivfsoverlay /Users/runner/Library/Developer/Xcode/DerivedData/ScannerSnap-fjzdjswwgvbpvmdfdokcshcchpwn/Build/Intermediates.noindex/ArchiveIntermediates/ScannerSnap/IntermediateBuildFilesPath/Pods.build/Release-iphoneos/Pods-8699adb1dd336b26511df848a716bd42-VFS-iphoneos/all-product-headers.yaml -iquote /Users/runner/Library/Developer/Xcode/DerivedData/ScannerSnap-fjzdjswwgvbpvmdfdokcshcchpwn/Build/Intermediates.noindex/ArchiveIntermediates/ScannerSnap/IntermediateBuildFilesPath/Pods.build/Release-iphoneos/Pods-ScannerSnap.build/Pods_ScannerSnap-project-headers.hmap -I/Users/runner/Library/Developer/Xcode/DerivedData/ScannerSnap-fjzdjswwgvbpvmdfdokcshcchpwn/Build/Intermediates.noindex/ArchiveIntermediates/ScannerSnap/BuildProductsPath/Release-iphoneos/include -I/Users/runner/Library/Developer/Xcode/DerivedData/ScannerSnap-fjzdjswwgvbpvmdfdokcshcchpwn/Build/Intermediates.noindex/ArchiveIntermediates/ScannerSnap/IntermediateBuildFilesPath/Pods.build/Release-iphoneos/Pods-ScannerSnap.build/DerivedSources-normal/arm64 -I/Users/runner/Library/Developer/Xcode/DerivedData/ScannerSnap-fjzdjswwgvbpvmdfdokcshcchpwn/Build/Intermediates.noindex/ArchiveIntermediates/ScannerSnap/IntermediateBuildFilesPath/Pods.build/Release-iphoneos/Pods-ScannerSnap.build/DerivedSources/arm64 -I/Users/runner/Library/Developer/Xcode/DerivedData/ScannerSnap-fjzdjswwgvbpvmdfdokcshcchpwn/Build/Intermediates.noindex/ArchiveIntermediates/ScannerSnap/IntermediateBuildFilesPath/Pods.build/Release-iphoneos/Pods-ScannerSnap.build/DerivedSources -F/Users/runner/Library/Developer/Xcode/DerivedData/ScannerSnap-fjzdjswwgvbpvmdfdokcshcchpwn/Build/Intermediates.noindex/ArchiveIntermediates/ScannerSnap/BuildProductsPath/Release-iphoneos -F/Users/runner/work/ScannerSnap/ScannerSnap/Pods/UMCommon/UMCommon_7.5.10 -F/Users/runner/work/ScannerSnap/ScannerSnap/Pods/UMDevice/UMDevice_3.5.0 -F/Users/runner/Library/Developer/Xcode/DerivedData/ScannerSnap-fjzdjswwgvbpvmdfdokcshcchpwn/Build/Intermediates.noindex/ArchiveIntermediates/ScannerSnap/BuildProductsPath/Release-iphoneos/XCFrameworkIntermediates/UMCommon -F/Users/runner/Library/Developer/Xcode/DerivedData/ScannerSnap-fjzdjswwgvbpvmdfdokcshcchpwn/Build/Intermediates.noindex/ArchiveIntermediates/ScannerSnap/BuildProductsPath/Release-iphoneos/XCFrameworkIntermediates/UMDevice

WriteAuxiliaryFile /Users/runner/Library/Developer/Xcode/DerivedData/ScannerSnap-fjzdjswwgvbpvmdfdokcshcchpwn/Build/Intermediates.noindex/ArchiveIntermediates/ScannerSnap/IntermediateBuildFilesPath/Pods.build/Release-iphoneos/Pods-ScannerSnap.build/Objects-normal/arm64/Pods_ScannerSnap.LinkFileList (in target 'Pods-ScannerSnap' from project 'Pods')
    cd /Users/runner/work/ScannerSnap/ScannerSnap/Pods
    write-file /Users/runner/Library/Developer/Xcode/DerivedData/ScannerSnap-fjzdjswwgvbpvmdfdokcshcchpwn/Build/Intermediates.noindex/ArchiveIntermediates/ScannerSnap/IntermediateBuildFilesPath/Pods.build/Release-iphoneos/Pods-ScannerSnap.build/Objects-normal/arm64/Pods_ScannerSnap.LinkFileList

WriteAuxiliaryFile /Users/runner/Library/Developer/Xcode/DerivedData/ScannerSnap-fjzdjswwgvbpvmdfdokcshcchpwn/Build/Intermediates.noindex/ArchiveIntermediates/ScannerSnap/IntermediateBuildFilesPath/Pods.build/Release-iphoneos/Pods-ScannerSnap.build/Objects-normal/arm64/7187679823f38a2a940e0043cdf9d637-common-args.resp (in target 'Pods-ScannerSnap' from project 'Pods')
    cd /Users/runner/work/ScannerSnap/ScannerSnap/Pods
    write-file /Users/runner/Library/Developer/Xcode/DerivedData/ScannerSnap-fjzdjswwgvbpvmdfdokcshcchpwn/Build/Intermediates.noindex/ArchiveIntermediates/ScannerSnap/IntermediateBuildFilesPath/Pods.build/Release-iphoneos/Pods-ScannerSnap.build/Objects-normal/arm64/7187679823f38a2a940e0043cdf9d637-common-args.resp
-target arm64-apple-ios15.0 '-std=gnu11' -fmodules -gmodules '-fmodules-cache-path=/Users/runner/Library/Developer/Xcode/DerivedData/ModuleCache.noindex' '-fmodule-name=Pods_ScannerSnap' -fpascal-strings -Os -fno-common '-DPOD_CONFIGURATION_RELEASE=1' '-DCOCOAPODS=1' -isysroot /Applications/Xcode_26.3.app/Contents/Developer/Platforms/iPhoneOS.platform/Developer/SDKs/iPhoneOS26.2.sdk -g -iquote /Users/runner/Library/Developer/Xcode/DerivedData/ScannerSnap-fjzdjswwgvbpvmdfdokcshcchpwn/Build/Intermediates.noindex/ArchiveIntermediates/ScannerSnap/IntermediateBuildFilesPath/Pods.build/Release-iphoneos/Pods-ScannerSnap.build/Pods_ScannerSnap-generated-files.hmap -I/Users/runner/Library/Developer/Xcode/DerivedData/ScannerSnap-fjzdjswwgvbpvmdfdokcshcchpwn/Build/Intermediates.noindex/ArchiveIntermediates/ScannerSnap/IntermediateBuildFilesPath/Pods.build/Release-iphoneos/Pods-ScannerSnap.build/Pods_ScannerSnap-own-target-headers.hmap -I/Users/runner/Library/Developer/Xcode/DerivedData/ScannerSnap-fjzdjswwgvbpvmdfdokcshcchpwn/Build/Intermediates.noindex/ArchiveIntermediates/ScannerSnap/IntermediateBuildFilesPath/Pods.build/Release-iphoneos/Pods-ScannerSnap.build/Pods_ScannerSnap-all-non-framework-target-headers.hmap -ivfsoverlay /Users/runner/Library/Developer/Xcode/DerivedData/ScannerSnap-fjzdjswwgvbpvmdfdokcshcchpwn/Build/Intermediates.noindex/ArchiveIntermediates/ScannerSnap/IntermediateBuildFilesPath/Pods.build/Release-iphoneos/Pods-8699adb1dd336b26511df848a716bd42-VFS-iphoneos/all-product-headers.yaml -iquote /Users/runner/Library/Developer/Xcode/DerivedData/ScannerSnap-fjzdjswwgvbpvmdfdokcshcchpwn/Build/Intermediates.noindex/ArchiveIntermediates/ScannerSnap/IntermediateBuildFilesPath/Pods.build/Release-iphoneos/Pods-ScannerSnap.build/Pods_ScannerSnap-project-headers.hmap -I/Users/runner/Library/Developer/Xcode/DerivedData/ScannerSnap-fjzdjswwgvbpvmdfdokcshcchpwn/Build/Intermediates.noindex/ArchiveIntermediates/ScannerSnap/BuildProductsPath/Release-iphoneos/include -I/Users/runner/Library/Developer/Xcode/DerivedData/ScannerSnap-fjzdjswwgvbpvmdfdokcshcchpwn/Build/Intermediates.noindex/ArchiveIntermediates/ScannerSnap/IntermediateBuildFilesPath/Pods.build/Release-iphoneos/Pods-ScannerSnap.build/DerivedSources-normal/arm64 -I/Users/runner/Library/Developer/Xcode/DerivedData/ScannerSnap-fjzdjswwgvbpvmdfdokcshcchpwn/Build/Intermediates.noindex/ArchiveIntermediates/ScannerSnap/IntermediateBuildFilesPath/Pods.build/Release-iphoneos/Pods-ScannerSnap.build/DerivedSources/arm64 -I/Users/runner/Library/Developer/Xcode/DerivedData/ScannerSnap-fjzdjswwgvbpvmdfdokcshcchpwn/Build/Intermediates.noindex/ArchiveIntermediates/ScannerSnap/IntermediateBuildFilesPath/Pods.build/Release-iphoneos/Pods-ScannerSnap.build/DerivedSources -F/Users/runner/Library/Developer/Xcode/DerivedData/ScannerSnap-fjzdjswwgvbpvmdfdokcshcchpwn/Build/Intermediates.noindex/ArchiveIntermediates/ScannerSnap/BuildProductsPath/Release-iphoneos -F/Users/runner/work/ScannerSnap/ScannerSnap/Pods/UMCommon/UMCommon_7.5.10 -F/Users/runner/work/ScannerSnap/ScannerSnap/Pods/UMDevice/UMDevice_3.5.0 -F/Users/runner/Library/Developer/Xcode/DerivedData/ScannerSnap-fjzdjswwgvbpvmdfdokcshcchpwn/Build/Intermediates.noindex/ArchiveIntermediates/ScannerSnap/BuildProductsPath/Release-iphoneos/XCFrameworkIntermediates/UMCommon -F/Users/runner/Library/Developer/Xcode/DerivedData/ScannerSnap-fjzdjswwgvbpvmdfdokcshcchpwn/Build/Intermediates.noindex/ArchiveIntermediates/ScannerSnap/BuildProductsPath/Release-iphoneos/XCFrameworkIntermediates/UMDevice

WriteAuxiliaryFile /Users/runner/Library/Developer/Xcode/DerivedData/ScannerSnap-fjzdjswwgvbpvmdfdokcshcchpwn/Build/Intermediates.noindex/ArchiveIntermediates/ScannerSnap/IntermediateBuildFilesPath/Pods.build/Release-iphoneos/Pods-ScannerSnap.build/DerivedSources/Pods_ScannerSnap_vers.c (in target 'Pods-ScannerSnap' from project 'Pods')
    cd /Users/runner/work/ScannerSnap/ScannerSnap/Pods
    write-file /Users/runner/Library/Developer/Xcode/DerivedData/ScannerSnap-fjzdjswwgvbpvmdfdokcshcchpwn/Build/Intermediates.noindex/ArchiveIntermediates/ScannerSnap/IntermediateBuildFilesPath/Pods.build/Release-iphoneos/Pods-ScannerSnap.build/DerivedSources/Pods_ScannerSnap_vers.c

CpHeader /Users/runner/Library/Developer/Xcode/DerivedData/ScannerSnap-fjzdjswwgvbpvmdfdokcshcchpwn/Build/Intermediates.noindex/ArchiveIntermediates/ScannerSnap/IntermediateBuildFilesPath/UninstalledProducts/iphoneos/Pods_ScannerSnap.framework/Headers/Pods-ScannerSnap-umbrella.h /Users/runner/work/ScannerSnap/ScannerSnap/Pods/Target\ Support\ Files/Pods-ScannerSnap/Pods-ScannerSnap-umbrella.h (in target 'Pods-ScannerSnap' from project 'Pods')
    cd /Users/runner/work/ScannerSnap/ScannerSnap/Pods
    builtin-copy -exclude .DS_Store -exclude CVS -exclude .svn -exclude .git -exclude .hg -resolve-src-symlinks /Users/runner/work/ScannerSnap/ScannerSnap/Pods/Target\ Support\ Files/Pods-ScannerSnap/Pods-ScannerSnap-umbrella.h /Users/runner/Library/Developer/Xcode/DerivedData/ScannerSnap-fjzdjswwgvbpvmdfdokcshcchpwn/Build/Intermediates.noindex/ArchiveIntermediates/ScannerSnap/IntermediateBuildFilesPath/UninstalledProducts/iphoneos/Pods_ScannerSnap.framework/Headers

Copy /Users/runner/Library/Developer/Xcode/DerivedData/ScannerSnap-fjzdjswwgvbpvmdfdokcshcchpwn/Build/Intermediates.noindex/ArchiveIntermediates/ScannerSnap/IntermediateBuildFilesPath/Pods.build/Release-iphoneos/Pods-ScannerSnap.build/module.modulemap /Users/runner/work/ScannerSnap/ScannerSnap/Pods/Target\ Support\ Files/Pods-ScannerSnap/Pods-ScannerSnap.modulemap (in target 'Pods-ScannerSnap' from project 'Pods')
    cd /Users/runner/work/ScannerSnap/ScannerSnap/Pods
    builtin-copy -exclude .DS_Store -exclude CVS -exclude .svn -exclude .git -exclude .hg -resolve-src-symlinks -rename /Users/runner/work/ScannerSnap/ScannerSnap/Pods/Target\ Support\ Files/Pods-ScannerSnap/Pods-ScannerSnap.modulemap /Users/runner/Library/Developer/Xcode/DerivedData/ScannerSnap-fjzdjswwgvbpvmdfdokcshcchpwn/Build/Intermediates.noindex/ArchiveIntermediates/ScannerSnap/IntermediateBuildFilesPath/Pods.build/Release-iphoneos/Pods-ScannerSnap.build/module.modulemap

SymLink /Users/runner/Library/Developer/Xcode/DerivedData/ScannerSnap-fjzdjswwgvbpvmdfdokcshcchpwn/Build/Intermediates.noindex/ArchiveIntermediates/ScannerSnap/BuildProductsPath/Release-iphoneos/ScannerSnap.app ../../InstallationBuildProductsLocation/Applications/ScannerSnap.app (in target 'ScannerSnap' from project 'ScannerSnap')
    cd /Users/runner/work/ScannerSnap/ScannerSnap
    /bin/ln -sfh ../../InstallationBuildProductsLocation/Applications/ScannerSnap.app /Users/runner/Library/Developer/Xcode/DerivedData/ScannerSnap-fjzdjswwgvbpvmdfdokcshcchpwn/Build/Intermediates.noindex/ArchiveIntermediates/ScannerSnap/BuildProductsPath/Release-iphoneos/ScannerSnap.app

Copy /Users/runner/Library/Developer/Xcode/DerivedData/ScannerSnap-fjzdjswwgvbpvmdfdokcshcchpwn/Build/Intermediates.noindex/ArchiveIntermediates/ScannerSnap/IntermediateBuildFilesPath/UninstalledProducts/iphoneos/Pods_ScannerSnap.framework/Modules/module.modulemap /Users/runner/Library/Developer/Xcode/DerivedData/ScannerSnap-fjzdjswwgvbpvmdfdokcshcchpwn/Build/Intermediates.noindex/ArchiveIntermediates/ScannerSnap/IntermediateBuildFilesPath/Pods.build/Release-iphoneos/Pods-ScannerSnap.build/module.modulemap (in target 'Pods-ScannerSnap' from project 'Pods')
    cd /Users/runner/work/ScannerSnap/ScannerSnap/Pods
    builtin-copy -exclude .DS_Store -exclude CVS -exclude .svn -exclude .git -exclude .hg -resolve-src-symlinks /Users/runner/Library/Developer/Xcode/DerivedData/ScannerSnap-fjzdjswwgvbpvmdfdokcshcchpwn/Build/Intermediates.noindex/ArchiveIntermediates/ScannerSnap/IntermediateBuildFilesPath/Pods.build/Release-iphoneos/Pods-ScannerSnap.build/module.modulemap /Users/runner/Library/Developer/Xcode/DerivedData/ScannerSnap-fjzdjswwgvbpvmdfdokcshcchpwn/Build/Intermediates.noindex/ArchiveIntermediates/ScannerSnap/IntermediateBuildFilesPath/UninstalledProducts/iphoneos/Pods_ScannerSnap.framework/Modules

MkDir /Users/runner/Library/Developer/Xcode/DerivedData/ScannerSnap-fjzdjswwgvbpvmdfdokcshcchpwn/Build/Intermediates.noindex/ArchiveIntermediates/ScannerSnap/InstallationBuildProductsLocation/Applications/ScannerSnap.app (in target 'ScannerSnap' from project 'ScannerSnap')
    cd /Users/runner/work/ScannerSnap/ScannerSnap
    /bin/mkdir -p /Users/runner/Library/Developer/Xcode/DerivedData/ScannerSnap-fjzdjswwgvbpvmdfdokcshcchpwn/Build/Intermediates.noindex/ArchiveIntermediates/ScannerSnap/InstallationBuildProductsLocation/Applications/ScannerSnap.app

SymLink /Users/runner/Library/Developer/Xcode/DerivedData/ScannerSnap-fjzdjswwgvbpvmdfdokcshcchpwn/Build/Intermediates.noindex/ArchiveIntermediates/ScannerSnap/BuildProductsPath/Release-iphoneos/Pods_ScannerSnap.framework ../../IntermediateBuildFilesPath/UninstalledProducts/iphoneos/Pods_ScannerSnap.framework (in target 'Pods-ScannerSnap' from project 'Pods')
    cd /Users/runner/work/ScannerSnap/ScannerSnap/Pods
    /bin/ln -sfh ../../IntermediateBuildFilesPath/UninstalledProducts/iphoneos/Pods_ScannerSnap.framework /Users/runner/Library/Developer/Xcode/DerivedData/ScannerSnap-fjzdjswwgvbpvmdfdokcshcchpwn/Build/Intermediates.noindex/ArchiveIntermediates/ScannerSnap/BuildProductsPath/Release-iphoneos/Pods_ScannerSnap.framework

MkDir /Users/runner/Library/Developer/Xcode/DerivedData/ScannerSnap-fjzdjswwgvbpvmdfdokcshcchpwn/Build/Intermediates.noindex/ArchiveIntermediates/ScannerSnap/IntermediateBuildFilesPath/UninstalledProducts/iphoneos/Pods_ScannerSnap.framework/Headers (in target 'Pods-ScannerSnap' from project 'Pods')
    cd /Users/runner/work/ScannerSnap/ScannerSnap/Pods
    /bin/mkdir -p /Users/runner/Library/Developer/Xcode/DerivedData/ScannerSnap-fjzdjswwgvbpvmdfdokcshcchpwn/Build/Intermediates.noindex/ArchiveIntermediates/ScannerSnap/IntermediateBuildFilesPath/UninstalledProducts/iphoneos/Pods_ScannerSnap.framework/Headers

MkDir /Users/runner/Library/Developer/Xcode/DerivedData/ScannerSnap-fjzdjswwgvbpvmdfdokcshcchpwn/Build/Intermediates.noindex/ArchiveIntermediates/ScannerSnap/IntermediateBuildFilesPath/UninstalledProducts/iphoneos/Pods_ScannerSnap.framework (in target 'Pods-ScannerSnap' from project 'Pods')
    cd /Users/runner/work/ScannerSnap/ScannerSnap/Pods
    /bin/mkdir -p /Users/runner/Library/Developer/Xcode/DerivedData/ScannerSnap-fjzdjswwgvbpvmdfdokcshcchpwn/Build/Intermediates.noindex/ArchiveIntermediates/ScannerSnap/IntermediateBuildFilesPath/UninstalledProducts/iphoneos/Pods_ScannerSnap.framework

CreateBuildDirectory /Users/runner/Library/Developer/Xcode/DerivedData/ScannerSnap-fjzdjswwgvbpvmdfdokcshcchpwn/Build/Intermediates.noindex/ArchiveIntermediates/ScannerSnap/BuildProductsPath/Release-iphoneos/UMDevice
    cd /Users/runner/work/ScannerSnap/ScannerSnap
    builtin-create-build-directory /Users/runner/Library/Developer/Xcode/DerivedData/ScannerSnap-fjzdjswwgvbpvmdfdokcshcchpwn/Build/Intermediates.noindex/ArchiveIntermediates/ScannerSnap/BuildProductsPath/Release-iphoneos/UMDevice

CreateBuildDirectory /Users/runner/Library/Developer/Xcode/DerivedData/ScannerSnap-fjzdjswwgvbpvmdfdokcshcchpwn/Build/Intermediates.noindex/ArchiveIntermediates/ScannerSnap/BuildProductsPath/Release-iphoneos/UMCommon
    cd /Users/runner/work/ScannerSnap/ScannerSnap
    builtin-create-build-directory /Users/runner/Library/Developer/Xcode/DerivedData/ScannerSnap-fjzdjswwgvbpvmdfdokcshcchpwn/Build/Intermediates.noindex/ArchiveIntermediates/ScannerSnap/BuildProductsPath/Release-iphoneos/UMCommon

PhaseScriptExecution [CP]\ Copy\ XCFrameworks /Users/runner/Library/Developer/Xcode/DerivedData/ScannerSnap-fjzdjswwgvbpvmdfdokcshcchpwn/Build/Intermediates.noindex/ArchiveIntermediates/ScannerSnap/IntermediateBuildFilesPath/Pods.build/Release-iphoneos/UMCommon.build/Script-1F61E678B6D8F054218E48EE26BCD60C.sh (in target 'UMCommon' from project 'Pods')
    cd /Users/runner/work/ScannerSnap/ScannerSnap/Pods
    /bin/sh -c /Users/runner/Library/Developer/Xcode/DerivedData/ScannerSnap-fjzdjswwgvbpvmdfdokcshcchpwn/Build/Intermediates.noindex/ArchiveIntermediates/ScannerSnap/IntermediateBuildFilesPath/Pods.build/Release-iphoneos/UMCommon.build/Script-1F61E678B6D8F054218E48EE26BCD60C.sh
Selected xcframework slice ios-arm64
rsync --delete -av --filter P .*.?????? --links --filter "- CVS/" --filter "- .svn/" --filter "- .git/" --filter "- .hg/" "/Users/runner/work/ScannerSnap/ScannerSnap/Pods/UMCommon/UMCommon_7.5.10/UMCommon.xcframework/ios-arm64/*" "/Users/runner/Library/Developer/Xcode/DerivedData/ScannerSnap-fjzdjswwgvbpvmdfdokcshcchpwn/Build/Intermediates.noindex/ArchiveIntermediates/ScannerSnap/BuildProductsPath/Release-iphoneos/XCFrameworkIntermediates/UMCommon"
Transfer starting: 16 files
UMCommon.framework/
UMCommon.framework/Info.plist
UMCommon.framework/PrivacyInfo.xcprivacy
UMCommon.framework/UMCommon
UMCommon.framework/Headers/
UMCommon.framework/Headers/MobClick.h
UMCommon.framework/Headers/UMCommon.h
UMCommon.framework/Headers/UMConfigure.h
UMCommon.framework/Modules/
UMCommon.framework/Modules/module.modulemap
UMCommon.framework/_CodeSignature/
UMCommon.framework/_CodeSignature/CodeDirectory
UMCommon.framework/_CodeSignature/CodeRequirements
UMCommon.framework/_CodeSignature/CodeRequirements-1
UMCommon.framework/_CodeSignature/CodeResources
UMCommon.framework/_CodeSignature/CodeSignature

sent 1702215 bytes  received 308 bytes  70644107 bytes/sec
total size is 1700325  speedup is 1.00
Copied /Users/runner/work/ScannerSnap/ScannerSnap/Pods/UMCommon/UMCommon_7.5.10/UMCommon.xcframework/ios-arm64 to /Users/runner/Library/Developer/Xcode/DerivedData/ScannerSnap-fjzdjswwgvbpvmdfdokcshcchpwn/Build/Intermediates.noindex/ArchiveIntermediates/ScannerSnap/BuildProductsPath/Release-iphoneos/XCFrameworkIntermediates/UMCommon

ProcessProductPackaging /Users/runner/Library/MobileDevice/Provisioning\ Profiles/9c41b3e8-0f11-49ce-89b0-9f5bc55a47c4.mobileprovision /Users/runner/Library/Developer/Xcode/DerivedData/ScannerSnap-fjzdjswwgvbpvmdfdokcshcchpwn/Build/Intermediates.noindex/ArchiveIntermediates/ScannerSnap/InstallationBuildProductsLocation/Applications/ScannerSnap.app/embedded.mobileprovision (in target 'ScannerSnap' from project 'ScannerSnap')
    cd /Users/runner/work/ScannerSnap/ScannerSnap
    builtin-productPackagingUtility /Users/runner/Library/MobileDevice/Provisioning\ Profiles/9c41b3e8-0f11-49ce-89b0-9f5bc55a47c4.mobileprovision -o /Users/runner/Library/Developer/Xcode/DerivedData/ScannerSnap-fjzdjswwgvbpvmdfdokcshcchpwn/Build/Intermediates.noindex/ArchiveIntermediates/ScannerSnap/InstallationBuildProductsLocation/Applications/ScannerSnap.app/embedded.mobileprovision

ProcessProductPackaging "" /Users/runner/Library/Developer/Xcode/DerivedData/ScannerSnap-fjzdjswwgvbpvmdfdokcshcchpwn/Build/Intermediates.noindex/ArchiveIntermediates/ScannerSnap/IntermediateBuildFilesPath/ScannerSnap.build/Release-iphoneos/ScannerSnap.build/ScannerSnap.app.xcent (in target 'ScannerSnap' from project 'ScannerSnap')
    cd /Users/runner/work/ScannerSnap/ScannerSnap
    
    Entitlements:
    
    {
    "application-identifier" = "6KQLWR65VK.com.scannersnap.tool.app";
    "beta-reports-active" = 1;
    "com.apple.developer.team-identifier" = 6KQLWR65VK;
    "get-task-allow" = 0;
}
    
    builtin-productPackagingUtility -entitlements -format xml -o /Users/runner/Library/Developer/Xcode/DerivedData/ScannerSnap-fjzdjswwgvbpvmdfdokcshcchpwn/Build/Intermediates.noindex/ArchiveIntermediates/ScannerSnap/IntermediateBuildFilesPath/ScannerSnap.build/Release-iphoneos/ScannerSnap.build/ScannerSnap.app.xcent

ProcessProductPackagingDER /Users/runner/Library/Developer/Xcode/DerivedData/ScannerSnap-fjzdjswwgvbpvmdfdokcshcchpwn/Build/Intermediates.noindex/ArchiveIntermediates/ScannerSnap/IntermediateBuildFilesPath/ScannerSnap.build/Release-iphoneos/ScannerSnap.build/ScannerSnap.app.xcent /Users/runner/Library/Developer/Xcode/DerivedData/ScannerSnap-fjzdjswwgvbpvmdfdokcshcchpwn/Build/Intermediates.noindex/ArchiveIntermediates/ScannerSnap/IntermediateBuildFilesPath/ScannerSnap.build/Release-iphoneos/ScannerSnap.build/ScannerSnap.app.xcent.der (in target 'ScannerSnap' from project 'ScannerSnap')
    cd /Users/runner/work/ScannerSnap/ScannerSnap
    /usr/bin/derq query -f xml -i /Users/runner/Library/Developer/Xcode/DerivedData/ScannerSnap-fjzdjswwgvbpvmdfdokcshcchpwn/Build/Intermediates.noindex/ArchiveIntermediates/ScannerSnap/IntermediateBuildFilesPath/ScannerSnap.build/Release-iphoneos/ScannerSnap.build/ScannerSnap.app.xcent -o /Users/runner/Library/Developer/Xcode/DerivedData/ScannerSnap-fjzdjswwgvbpvmdfdokcshcchpwn/Build/Intermediates.noindex/ArchiveIntermediates/ScannerSnap/IntermediateBuildFilesPath/ScannerSnap.build/Release-iphoneos/ScannerSnap.build/ScannerSnap.app.xcent.der --raw

ProcessInfoPlistFile /Users/runner/Library/Developer/Xcode/DerivedData/ScannerSnap-fjzdjswwgvbpvmdfdokcshcchpwn/Build/Intermediates.noindex/ArchiveIntermediates/ScannerSnap/IntermediateBuildFilesPath/UninstalledProducts/iphoneos/Pods_ScannerSnap.framework/Info.plist /Users/runner/work/ScannerSnap/ScannerSnap/Pods/Target\ Support\ Files/Pods-ScannerSnap/Pods-ScannerSnap-Info.plist (in target 'Pods-ScannerSnap' from project 'Pods')
    cd /Users/runner/work/ScannerSnap/ScannerSnap/Pods
    builtin-infoPlistUtility /Users/runner/work/ScannerSnap/ScannerSnap/Pods/Target\ Support\ Files/Pods-ScannerSnap/Pods-ScannerSnap-Info.plist -producttype com.apple.product-type.framework -expandbuildsettings -format binary -platform iphoneos -requiredArchitecture arm64 -o /Users/runner/Library/Developer/Xcode/DerivedData/ScannerSnap-fjzdjswwgvbpvmdfdokcshcchpwn/Build/Intermediates.noindex/ArchiveIntermediates/ScannerSnap/IntermediateBuildFilesPath/UninstalledProducts/iphoneos/Pods_ScannerSnap.framework/Info.plist

PhaseScriptExecution [CP]\ Check\ Pods\ Manifest.lock /Users/runner/Library/Developer/Xcode/DerivedData/ScannerSnap-fjzdjswwgvbpvmdfdokcshcchpwn/Build/Intermediates.noindex/ArchiveIntermediates/ScannerSnap/IntermediateBuildFilesPath/ScannerSnap.build/Release-iphoneos/ScannerSnap.build/Script-D694D1D4D0D1E50E4234A610.sh (in target 'ScannerSnap' from project 'ScannerSnap')
    cd /Users/runner/work/ScannerSnap/ScannerSnap
    /usr/bin/sandbox-exec -D SCRIPT_OUTPUT_FILE_0\=/Users/runner/Library/Developer/Xcode/DerivedData/ScannerSnap-fjzdjswwgvbpvmdfdokcshcchpwn/Build/Intermediates.noindex/ArchiveIntermediates/ScannerSnap/IntermediateBuildFilesPath/ScannerSnap.build/Release-iphoneos/ScannerSnap.build/DerivedSources/Pods-ScannerSnap-checkManifestLockResult.txt -D SCRIPT_INPUT_FILE_0\=/Users/runner/work/ScannerSnap/ScannerSnap/Podfile.lock -D SCRIPT_INPUT_FILE_1\=/Users/runner/work/ScannerSnap/ScannerSnap/Pods/Manifest.lock -D SCRIPT_INPUT_FILE_2\=/Users/runner/Library/Developer/Xcode/DerivedData/ScannerSnap-fjzdjswwgvbpvmdfdokcshcchpwn/Build/Intermediates.noindex/ArchiveIntermediates/ScannerSnap/IntermediateBuildFilesPath/ScannerSnap.build/Release-iphoneos/ScannerSnap.build/Script-D694D1D4D0D1E50E4234A610.sh -D SCRIPT_INPUT_ANCESTOR_0\=/ -D SCRIPT_INPUT_ANCESTOR_1\=/Users -D SCRIPT_INPUT_ANCESTOR_2\=/Users/runner -D SCRIPT_INPUT_ANCESTOR_3\=/Users/runner/Library -D SCRIPT_INPUT_ANCESTOR_4\=/Users/runner/Library/Developer -D SCRIPT_INPUT_ANCESTOR_5\=/Users/runner/Library/Developer/Xcode -D SCRIPT_INPUT_ANCESTOR_6\=/Users/runner/Library/Developer/Xcode/DerivedData -D SCRIPT_INPUT_ANCESTOR_7\=/Users/runner/Library/Developer/Xcode/DerivedData/ScannerSnap-fjzdjswwgvbpvmdfdokcshcchpwn -D SCRIPT_INPUT_ANCESTOR_8\=/Users/runner/Library/Developer/Xcode/DerivedData/ScannerSnap-fjzdjswwgvbpvmdfdokcshcchpwn/Build -D SCRIPT_INPUT_ANCESTOR_9\=/Users/runner/Library/Developer/Xcode/DerivedData/ScannerSnap-fjzdjswwgvbpvmdfdokcshcchpwn/Build/Intermediates.noindex -D SCRIPT_INPUT_ANCESTOR_10\=/Users/runner/Library/Developer/Xcode/DerivedData/ScannerSnap-fjzdjswwgvbpvmdfdokcshcchpwn/Build/Intermediates.noindex/ArchiveIntermediates -D SCRIPT_INPUT_ANCESTOR_11\=/Users/runner/Library/Developer/Xcode/DerivedData/ScannerSnap-fjzdjswwgvbpvmdfdokcshcchpwn/Build/Intermediates.noindex/ArchiveIntermediates/ScannerSnap -D SCRIPT_INPUT_ANCESTOR_12\=/Users/runner/Library/Developer/Xcode/DerivedData/ScannerSnap-fjzdjswwgvbpvmdfdokcshcchpwn/Build/Intermediates.noindex/ArchiveIntermediates/ScannerSnap/IntermediateBuildFilesPath -D SCRIPT_INPUT_ANCESTOR_13\=/Users/runner/Library/Developer/Xcode/DerivedData/ScannerSnap-fjzdjswwgvbpvmdfdokcshcchpwn/Build/Intermediates.noindex/ArchiveIntermediates/ScannerSnap/IntermediateBuildFilesPath/ScannerSnap.build -D SCRIPT_INPUT_ANCESTOR_14\=/Users/runner/Library/Developer/Xcode/DerivedData/ScannerSnap-fjzdjswwgvbpvmdfdokcshcchpwn/Build/Intermediates.noindex/ArchiveIntermediates/ScannerSnap/IntermediateBuildFilesPath/ScannerSnap.build/Release-iphoneos -D SCRIPT_INPUT_ANCESTOR_15\=/Users/runner/Library/Developer/Xcode/DerivedData/ScannerSnap-fjzdjswwgvbpvmdfdokcshcchpwn/Build/Intermediates.noindex/ArchiveIntermediates/ScannerSnap/IntermediateBuildFilesPath/ScannerSnap.build/Release-iphoneos/ScannerSnap.build -D SCRIPT_INPUT_ANCESTOR_16\=/Users/runner/work -D SCRIPT_INPUT_ANCESTOR_17\=/Users/runner/work/ScannerSnap -D SCRIPT_INPUT_ANCESTOR_18\=/Users/runner/work/ScannerSnap/ScannerSnap -D SCRIPT_INPUT_ANCESTOR_19\=/Users/runner/work/ScannerSnap/ScannerSnap/Pods -D SCRIPT_OUTPUT_ANCESTOR_0\=/ -D SCRIPT_OUTPUT_ANCESTOR_1\=/Users -D SCRIPT_OUTPUT_ANCESTOR_2\=/Users/runner -D SCRIPT_OUTPUT_ANCESTOR_3\=/Users/runner/Library -D SCRIPT_OUTPUT_ANCESTOR_4\=/Users/runner/Library/Developer -D SCRIPT_OUTPUT_ANCESTOR_5\=/Users/runner/Library/Developer/Xcode -D SCRIPT_OUTPUT_ANCESTOR_6\=/Users/runner/Library/Developer/Xcode/DerivedData -D SCRIPT_OUTPUT_ANCESTOR_7\=/Users/runner/Library/Developer/Xcode/DerivedData/ScannerSnap-fjzdjswwgvbpvmdfdokcshcchpwn -D SCRIPT_OUTPUT_ANCESTOR_8\=/Users/runner/Library/Developer/Xcode/DerivedData/ScannerSnap-fjzdjswwgvbpvmdfdokcshcchpwn/Build -D SCRIPT_OUTPUT_ANCESTOR_9\=/Users/runner/Library/Developer/Xcode/DerivedData/ScannerSnap-fjzdjswwgvbpvmdfdokcshcchpwn/Build/Intermediates.noindex -D SCRIPT_OUTPUT_ANCESTOR_10\=/Users/runner/Library/Developer/Xcode/DerivedData/ScannerSnap-fjzdjswwgvbpvmdfdokcshcchpwn/Build/Intermediates.noindex/ArchiveIntermediates -D SCRIPT_OUTPUT_ANCESTOR_11\=/Users/runner/Library/Developer/Xcode/DerivedData/ScannerSnap-fjzdjswwgvbpvmdfdokcshcchpwn/Build/Intermediates.noindex/ArchiveIntermediates/ScannerSnap -D SCRIPT_OUTPUT_ANCESTOR_12\=/Users/runner/Library/Developer/Xcode/DerivedData/ScannerSnap-fjzdjswwgvbpvmdfdokcshcchpwn/Build/Intermediates.noindex/ArchiveIntermediates/ScannerSnap/IntermediateBuildFilesPath -D SCRIPT_OUTPUT_ANCESTOR_13\=/Users/runner/Library/Developer/Xcode/DerivedData/ScannerSnap-fjzdjswwgvbpvmdfdokcshcchpwn/Build/Intermediates.noindex/ArchiveIntermediates/ScannerSnap/IntermediateBuildFilesPath/ScannerSnap.build -D SCRIPT_OUTPUT_ANCESTOR_14\=/Users/runner/Library/Developer/Xcode/DerivedData/ScannerSnap-fjzdjswwgvbpvmdfdokcshcchpwn/Build/Intermediates.noindex/ArchiveIntermediates/ScannerSnap/IntermediateBuildFilesPath/ScannerSnap.build/Release-iphoneos -D SCRIPT_OUTPUT_ANCESTOR_15\=/Users/runner/Library/Developer/Xcode/DerivedData/ScannerSnap-fjzdjswwgvbpvmdfdokcshcchpwn/Build/Intermediates.noindex/ArchiveIntermediates/ScannerSnap/IntermediateBuildFilesPath/ScannerSnap.build/Release-iphoneos/ScannerSnap.build -D SCRIPT_OUTPUT_ANCESTOR_16\=/Users/runner/Library/Developer/Xcode/DerivedData/ScannerSnap-fjzdjswwgvbpvmdfdokcshcchpwn/Build/Intermediates.noindex/ArchiveIntermediates/ScannerSnap/IntermediateBuildFilesPath/ScannerSnap.build/Release-iphoneos/ScannerSnap.build/DerivedSources -D SRCROOT\=/Users/runner/work/ScannerSnap/ScannerSnap -D PROJECT_DIR\=/Users/runner/work/ScannerSnap/ScannerSnap -D OBJROOT\=/Users/runner/Library/Developer/Xcode/DerivedData/ScannerSnap-fjzdjswwgvbpvmdfdokcshcchpwn/Build/Intermediates.noindex/ArchiveIntermediates/ScannerSnap/IntermediateBuildFilesPath -D SYMROOT\=/Users/runner/Library/Developer/Xcode/DerivedData/ScannerSnap-fjzdjswwgvbpvmdfdokcshcchpwn/Build/Intermediates.noindex/ArchiveIntermediates/ScannerSnap/BuildProductsPath -D DSTROOT\=/Users/runner/Library/Developer/Xcode/DerivedData/ScannerSnap-fjzdjswwgvbpvmdfdokcshcchpwn/Build/Intermediates.noindex/ArchiveIntermediates/ScannerSnap/InstallationBuildProductsLocation -D SHARED_PRECOMPS_DIR\=/Users/runner/Library/Developer/Xcode/DerivedData/ScannerSnap-fjzdjswwgvbpvmdfdokcshcchpwn/Build/Intermediates.noindex/ArchiveIntermediates/ScannerSnap/PrecompiledHeaders -D CACHE_ROOT\=/var/folders/tb/y368xp_x10s3ty1b_mtl5mxr0000gn/C/com.apple.DeveloperTools/26.3-17C529/Xcode -D CONFIGURATION_BUILD_DIR\=/Users/runner/Library/Developer/Xcode/DerivedData/ScannerSnap-fjzdjswwgvbpvmdfdokcshcchpwn/Build/Intermediates.noindex/ArchiveIntermediates/ScannerSnap/BuildProductsPath/Release-iphoneos -D CONFIGURATION_TEMP_DIR\=/Users/runner/Library/Developer/Xcode/DerivedData/ScannerSnap-fjzdjswwgvbpvmdfdokcshcchpwn/Build/Intermediates.noindex/ArchiveIntermediates/ScannerSnap/IntermediateBuildFilesPath/ScannerSnap.build/Release-iphoneos -D LOCROOT\=/Users/runner/work/ScannerSnap/ScannerSnap -D LOCSYMROOT\=/Users/runner/work/ScannerSnap/ScannerSnap -D INDEX_PRECOMPS_DIR\=/Users/runner/Library/Developer/Xcode/DerivedData/ScannerSnap-fjzdjswwgvbpvmdfdokcshcchpwn/Index.noindex/PrecompiledHeaders -D INDEX_DATA_STORE_DIR\=/Users/runner/Library/Developer/Xcode/DerivedData/ScannerSnap-fjzdjswwgvbpvmdfdokcshcchpwn/Index.noindex/DataStore -D TEMP_DIR\=/Users/runner/Library/Developer/Xcode/DerivedData/ScannerSnap-fjzdjswwgvbpvmdfdokcshcchpwn/Build/Intermediates.noindex/ArchiveIntermediates/ScannerSnap/IntermediateBuildFilesPath/ScannerSnap.build/Release-iphoneos/ScannerSnap.build -D TARGET_TEMP_DIR\=/Users/runner/Library/Developer/Xcode/DerivedData/ScannerSnap-fjzdjswwgvbpvmdfdokcshcchpwn/Build/Intermediates.noindex/ArchiveIntermediates/ScannerSnap/IntermediateBuildFilesPath/ScannerSnap.build/Release-iphoneos/ScannerSnap.build -D DERIVED_FILE_DIR\=/Users/runner/Library/Developer/Xcode/DerivedData/ScannerSnap-fjzdjswwgvbpvmdfdokcshcchpwn/Build/Intermediates.noindex/ArchiveIntermediates/ScannerSnap/IntermediateBuildFilesPath/ScannerSnap.build/Release-iphoneos/ScannerSnap.build/DerivedSources -f /Users/runner/Library/Developer/Xcode/DerivedData/ScannerSnap-fjzdjswwgvbpvmdfdokcshcchpwn/Build/Intermediates.noindex/ArchiveIntermediates/ScannerSnap/IntermediateBuildFilesPath/ScannerSnap.build/Release-iphoneos/ScannerSnap.build/56cdf7a52821f05e3491d5e3b78bc127.sb /bin/sh -c /Users/runner/Library/Developer/Xcode/DerivedData/ScannerSnap-fjzdjswwgvbpvmdfdokcshcchpwn/Build/Intermediates.noindex/ArchiveIntermediates/ScannerSnap/IntermediateBuildFilesPath/ScannerSnap.build/Release-iphoneos/ScannerSnap.build/Script-D694D1D4D0D1E50E4234A610.sh

MkDir /Users/runner/Library/Developer/Xcode/DerivedData/ScannerSnap-fjzdjswwgvbpvmdfdokcshcchpwn/Build/Intermediates.noindex/ArchiveIntermediates/ScannerSnap/IntermediateBuildFilesPath/ScannerSnap.build/Release-iphoneos/ScannerSnap.build/assetcatalog_output/unthinned (in target 'ScannerSnap' from project 'ScannerSnap')
    cd /Users/runner/work/ScannerSnap/ScannerSnap
    /bin/mkdir -p /Users/runner/Library/Developer/Xcode/DerivedData/ScannerSnap-fjzdjswwgvbpvmdfdokcshcchpwn/Build/Intermediates.noindex/ArchiveIntermediates/ScannerSnap/IntermediateBuildFilesPath/ScannerSnap.build/Release-iphoneos/ScannerSnap.build/assetcatalog_output/unthinned

MkDir /Users/runner/Library/Developer/Xcode/DerivedData/ScannerSnap-fjzdjswwgvbpvmdfdokcshcchpwn/Build/Intermediates.noindex/ArchiveIntermediates/ScannerSnap/IntermediateBuildFilesPath/ScannerSnap.build/Release-iphoneos/ScannerSnap.build/assetcatalog_output/thinned (in target 'ScannerSnap' from project 'ScannerSnap')
    cd /Users/runner/work/ScannerSnap/ScannerSnap
    /bin/mkdir -p /Users/runner/Library/Developer/Xcode/DerivedData/ScannerSnap-fjzdjswwgvbpvmdfdokcshcchpwn/Build/Intermediates.noindex/ArchiveIntermediates/ScannerSnap/IntermediateBuildFilesPath/ScannerSnap.build/Release-iphoneos/ScannerSnap.build/assetcatalog_output/thinned

GenerateAssetSymbols /Users/runner/work/ScannerSnap/ScannerSnap/ScannerSnap/Assets.xcassets (in target 'ScannerSnap' from project 'ScannerSnap')
    cd /Users/runner/work/ScannerSnap/ScannerSnap
    /Applications/Xcode_26.3.app/Contents/Developer/usr/bin/actool /Users/runner/work/ScannerSnap/ScannerSnap/ScannerSnap/Assets.xcassets --compile /Users/runner/Library/Developer/Xcode/DerivedData/ScannerSnap-fjzdjswwgvbpvmdfdokcshcchpwn/Build/Intermediates.noindex/ArchiveIntermediates/ScannerSnap/InstallationBuildProductsLocation/Applications/ScannerSnap.app --output-format human-readable-text --notices --warnings --export-dependency-info /Users/runner/Library/Developer/Xcode/DerivedData/ScannerSnap-fjzdjswwgvbpvmdfdokcshcchpwn/Build/Intermediates.noindex/ArchiveIntermediates/ScannerSnap/IntermediateBuildFilesPath/ScannerSnap.build/Release-iphoneos/ScannerSnap.build/assetcatalog_dependencies --output-partial-info-plist /Users/runner/Library/Developer/Xcode/DerivedData/ScannerSnap-fjzdjswwgvbpvmdfdokcshcchpwn/Build/Intermediates.noindex/ArchiveIntermediates/ScannerSnap/IntermediateBuildFilesPath/ScannerSnap.build/Release-iphoneos/ScannerSnap.build/assetcatalog_generated_info.plist --app-icon AppIcon --accent-color AccentColor --compress-pngs --enable-on-demand-resources YES --development-region en --target-device iphone --target-device ipad --minimum-deployment-target 15.0 --platform iphoneos --bundle-identifier com.scannersnap.tool.app --generate-swift-asset-symbols /Users/runner/Library/Developer/Xcode/DerivedData/ScannerSnap-fjzdjswwgvbpvmdfdokcshcchpwn/Build/Intermediates.noindex/ArchiveIntermediates/ScannerSnap/IntermediateBuildFilesPath/ScannerSnap.build/Release-iphoneos/ScannerSnap.build/DerivedSources/GeneratedAssetSymbols.swift --generate-objc-asset-symbols /Users/runner/Library/Developer/Xcode/DerivedData/ScannerSnap-fjzdjswwgvbpvmdfdokcshcchpwn/Build/Intermediates.noindex/ArchiveIntermediates/ScannerSnap/IntermediateBuildFilesPath/ScannerSnap.build/Release-iphoneos/ScannerSnap.build/DerivedSources/GeneratedAssetSymbols.h --generate-asset-symbol-index /Users/runner/Library/Developer/Xcode/DerivedData/ScannerSnap-fjzdjswwgvbpvmdfdokcshcchpwn/Build/Intermediates.noindex/ArchiveIntermediates/ScannerSnap/IntermediateBuildFilesPath/ScannerSnap.build/Release-iphoneos/ScannerSnap.build/DerivedSources/GeneratedAssetSymbols-Index.plist
/* com.apple.actool.compilation-results */
/Users/runner/Library/Developer/Xcode/DerivedData/ScannerSnap-fjzdjswwgvbpvmdfdokcshcchpwn/Build/Intermediates.noindex/ArchiveIntermediates/ScannerSnap/IntermediateBuildFilesPath/ScannerSnap.build/Release-iphoneos/ScannerSnap.build/DerivedSources/GeneratedAssetSymbols-Index.plist
/Users/runner/Library/Developer/Xcode/DerivedData/ScannerSnap-fjzdjswwgvbpvmdfdokcshcchpwn/Build/Intermediates.noindex/ArchiveIntermediates/ScannerSnap/IntermediateBuildFilesPath/ScannerSnap.build/Release-iphoneos/ScannerSnap.build/DerivedSources/GeneratedAssetSymbols.h
/Users/runner/Library/Developer/Xcode/DerivedData/ScannerSnap-fjzdjswwgvbpvmdfdokcshcchpwn/Build/Intermediates.noindex/ArchiveIntermediates/ScannerSnap/IntermediateBuildFilesPath/ScannerSnap.build/Release-iphoneos/ScannerSnap.build/DerivedSources/GeneratedAssetSymbols.swift


CompileAssetCatalogVariant thinned /Users/runner/Library/Developer/Xcode/DerivedData/ScannerSnap-fjzdjswwgvbpvmdfdokcshcchpwn/Build/Intermediates.noindex/ArchiveIntermediates/ScannerSnap/InstallationBuildProductsLocation/Applications/ScannerSnap.app /Users/runner/work/ScannerSnap/ScannerSnap/ScannerSnap/Assets.xcassets (in target 'ScannerSnap' from project 'ScannerSnap')
    cd /Users/runner/work/ScannerSnap/ScannerSnap
    /Applications/Xcode_26.3.app/Contents/Developer/usr/bin/actool /Users/runner/work/ScannerSnap/ScannerSnap/ScannerSnap/Assets.xcassets --compile /Users/runner/Library/Developer/Xcode/DerivedData/ScannerSnap-fjzdjswwgvbpvmdfdokcshcchpwn/Build/Intermediates.noindex/ArchiveIntermediates/ScannerSnap/IntermediateBuildFilesPath/ScannerSnap.build/Release-iphoneos/ScannerSnap.build/assetcatalog_output/thinned --output-format human-readable-text --notices --warnings --export-dependency-info /Users/runner/Library/Developer/Xcode/DerivedData/ScannerSnap-fjzdjswwgvbpvmdfdokcshcchpwn/Build/Intermediates.noindex/ArchiveIntermediates/ScannerSnap/IntermediateBuildFilesPath/ScannerSnap.build/Release-iphoneos/ScannerSnap.build/assetcatalog_dependencies_thinned --output-partial-info-plist /Users/runner/Library/Developer/Xcode/DerivedData/ScannerSnap-fjzdjswwgvbpvmdfdokcshcchpwn/Build/Intermediates.noindex/ArchiveIntermediates/ScannerSnap/IntermediateBuildFilesPath/ScannerSnap.build/Release-iphoneos/ScannerSnap.build/assetcatalog_generated_info.plist_thinned --app-icon AppIcon --accent-color AccentColor --compress-pngs --enable-on-demand-resources YES --development-region en --target-device iphone --target-device ipad --minimum-deployment-target 15.0 --platform iphoneos
IOServiceMatchingfailed for: AppleM2ScalerParavirtDriver
/* com.apple.actool.compilation-results */
/Users/runner/Library/Developer/Xcode/DerivedData/ScannerSnap-fjzdjswwgvbpvmdfdokcshcchpwn/Build/Intermediates.noindex/ArchiveIntermediates/ScannerSnap/IntermediateBuildFilesPath/ScannerSnap.build/Release-iphoneos/ScannerSnap.build/assetcatalog_generated_info.plist_thinned
/Users/runner/Library/Developer/Xcode/DerivedData/ScannerSnap-fjzdjswwgvbpvmdfdokcshcchpwn/Build/Intermediates.noindex/ArchiveIntermediates/ScannerSnap/IntermediateBuildFilesPath/ScannerSnap.build/Release-iphoneos/ScannerSnap.build/assetcatalog_output/thinned/AppIcon60x60@2x.png
/Users/runner/Library/Developer/Xcode/DerivedData/ScannerSnap-fjzdjswwgvbpvmdfdokcshcchpwn/Build/Intermediates.noindex/ArchiveIntermediates/ScannerSnap/IntermediateBuildFilesPath/ScannerSnap.build/Release-iphoneos/ScannerSnap.build/assetcatalog_output/thinned/AppIcon76x76@2x~ipad.png
/Users/runner/Library/Developer/Xcode/DerivedData/ScannerSnap-fjzdjswwgvbpvmdfdokcshcchpwn/Build/Intermediates.noindex/ArchiveIntermediates/ScannerSnap/IntermediateBuildFilesPath/ScannerSnap.build/Release-iphoneos/ScannerSnap.build/assetcatalog_output/thinned/Assets.car


SwiftDriver ScannerSnap normal arm64 com.apple.xcode.tools.swift.compiler (in target 'ScannerSnap' from project 'ScannerSnap')
    cd /Users/runner/work/ScannerSnap/ScannerSnap
    builtin-SwiftDriver -- /Applications/Xcode_26.3.app/Contents/Developer/Toolchains/XcodeDefault.xctoolchain/usr/bin/swiftc -module-name ScannerSnap -O -whole-module-optimization -enforce-exclusivity\=checked @/Users/runner/Library/Developer/Xcode/DerivedData/ScannerSnap-fjzdjswwgvbpvmdfdokcshcchpwn/Build/Intermediates.noindex/ArchiveIntermediates/ScannerSnap/IntermediateBuildFilesPath/ScannerSnap.build/Release-iphoneos/ScannerSnap.build/Objects-normal/arm64/ScannerSnap.SwiftFileList -enable-bare-slash-regex -enable-experimental-feature DebugDescriptionMacro -sdk /Applications/Xcode_26.3.app/Contents/Developer/Platforms/iPhoneOS.platform/Developer/SDKs/iPhoneOS26.2.sdk -target arm64-apple-ios15.0 -g -module-cache-path /Users/runner/Library/Developer/Xcode/DerivedData/ModuleCache.noindex -Xfrontend -serialize-debugging-options -swift-version 5 -I /Users/runner/Library/Developer/Xcode/DerivedData/ScannerSnap-fjzdjswwgvbpvmdfdokcshcchpwn/Build/Intermediates.noindex/ArchiveIntermediates/ScannerSnap/BuildProductsPath/Release-iphoneos -F /Users/runner/Library/Developer/Xcode/DerivedData/ScannerSnap-fjzdjswwgvbpvmdfdokcshcchpwn/Build/Intermediates.noindex/ArchiveIntermediates/ScannerSnap/BuildProductsPath/Release-iphoneos -F /Users/runner/work/ScannerSnap/ScannerSnap/Pods/UMCommon/UMCommon_7.5.10 -F /Users/runner/work/ScannerSnap/ScannerSnap/Pods/UMDevice/UMDevice_3.5.0 -F /Users/runner/Library/Developer/Xcode/DerivedData/ScannerSnap-fjzdjswwgvbpvmdfdokcshcchpwn/Build/Intermediates.noindex/ArchiveIntermediates/ScannerSnap/BuildProductsPath/Release-iphoneos/XCFrameworkIntermediates/UMCommon -F /Users/runner/Library/Developer/Xcode/DerivedData/ScannerSnap-fjzdjswwgvbpvmdfdokcshcchpwn/Build/Intermediates.noindex/ArchiveIntermediates/ScannerSnap/BuildProductsPath/Release-iphoneos/XCFrameworkIntermediates/UMDevice -emit-localized-strings -emit-localized-strings-path /Users/runner/Library/Developer/Xcode/DerivedData/ScannerSnap-fjzdjswwgvbpvmdfdokcshcchpwn/Build/Intermediates.noindex/ArchiveIntermediates/ScannerSnap/IntermediateBuildFilesPath/ScannerSnap.build/Release-iphoneos/ScannerSnap.build/Objects-normal/arm64 -c -num-threads 3 -Xcc -ivfsstatcache -Xcc /Users/runner/Library/Developer/Xcode/DerivedData/SDKStatCaches.noindex/iphoneos26.2-23C57-dc75598d0054f22ec865fa860f139d722dd23b4ebda140f7210d155ff1243552.sdkstatcache -output-file-map /Users/runner/Library/Developer/Xcode/DerivedData/ScannerSnap-fjzdjswwgvbpvmdfdokcshcchpwn/Build/Intermediates.noindex/ArchiveIntermediates/ScannerSnap/IntermediateBuildFilesPath/ScannerSnap.build/Release-iphoneos/ScannerSnap.build/Objects-normal/arm64/ScannerSnap-OutputFileMap.json -use-frontend-parseable-output -save-temps -no-color-diagnostics -explicit-module-build -module-cache-path /Users/runner/Library/Developer/Xcode/DerivedData/ScannerSnap-fjzdjswwgvbpvmdfdokcshcchpwn/Build/Intermediates.noindex/ArchiveIntermediates/ScannerSnap/IntermediateBuildFilesPath/SwiftExplicitPrecompiledModules -clang-scanner-module-cache-path /Users/runner/Library/Developer/Xcode/DerivedData/ModuleCache.noindex -sdk-module-cache-path /Users/runner/Library/Developer/Xcode/DerivedData/ModuleCache.noindex -serialize-diagnostics -emit-dependencies -emit-module -emit-module-path /Users/runner/Library/Developer/Xcode/DerivedData/ScannerSnap-fjzdjswwgvbpvmdfdokcshcchpwn/Build/Intermediates.noindex/ArchiveIntermediates/ScannerSnap/IntermediateBuildFilesPath/ScannerSnap.build/Release-iphoneos/ScannerSnap.build/Objects-normal/arm64/ScannerSnap.swiftmodule -validate-clang-modules-once -clang-build-session-file /Users/runner/Library/Developer/Xcode/DerivedData/ModuleCache.noindex/Session.modulevalidation -Xcc -I/Users/runner/Library/Developer/Xcode/DerivedData/ScannerSnap-fjzdjswwgvbpvmdfdokcshcchpwn/Build/Intermediates.noindex/ArchiveIntermediates/ScannerSnap/IntermediateBuildFilesPath/ScannerSnap.build/Release-iphoneos/ScannerSnap.build/swift-overrides.hmap -emit-const-values -Xfrontend -const-gather-protocols-file -Xfrontend /Users/runner/Library/Developer/Xcode/DerivedData/ScannerSnap-fjzdjswwgvbpvmdfdokcshcchpwn/Build/Intermediates.noindex/ArchiveIntermediates/ScannerSnap/IntermediateBuildFilesPath/ScannerSnap.build/Release-iphoneos/ScannerSnap.build/Objects-normal/arm64/ScannerSnap_const_extract_protocols.json -Xcc -iquote -Xcc /Users/runner/Library/Developer/Xcode/DerivedData/ScannerSnap-fjzdjswwgvbpvmdfdokcshcchpwn/Build/Intermediates.noindex/ArchiveIntermediates/ScannerSnap/IntermediateBuildFilesPath/ScannerSnap.build/Release-iphoneos/ScannerSnap.build/ScannerSnap-generated-files.hmap -Xcc -I/Users/runner/Library/Developer/Xcode/DerivedData/ScannerSnap-fjzdjswwgvbpvmdfdokcshcchpwn/Build/Intermediates.noindex/ArchiveIntermediates/ScannerSnap/IntermediateBuildFilesPath/ScannerSnap.build/Release-iphoneos/ScannerSnap.build/ScannerSnap-own-target-headers.hmap -Xcc -I/Users/runner/Library/Developer/Xcode/DerivedData/ScannerSnap-fjzdjswwgvbpvmdfdokcshcchpwn/Build/Intermediates.noindex/ArchiveIntermediates/ScannerSnap/IntermediateBuildFilesPath/ScannerSnap.build/Release-iphoneos/ScannerSnap.build/ScannerSnap-all-non-framework-target-headers.hmap -Xcc -ivfsoverlay -Xcc /Users/runner/Library/Developer/Xcode/DerivedData/ScannerSnap-fjzdjswwgvbpvmdfdokcshcchpwn/Build/Intermediates.noindex/ArchiveIntermediates/ScannerSnap/IntermediateBuildFilesPath/ScannerSnap.build/Release-iphoneos/ScannerSnap-16b25ce42712510a9f3ca4d8f3f39dcf-VFS-iphoneos/all-product-headers.yaml -Xcc -iquote -Xcc /Users/runner/Library/Developer/Xcode/DerivedData/ScannerSnap-fjzdjswwgvbpvmdfdokcshcchpwn/Build/Intermediates.noindex/ArchiveIntermediates/ScannerSnap/IntermediateBuildFilesPath/ScannerSnap.build/Release-iphoneos/ScannerSnap.build/ScannerSnap-project-headers.hmap -Xcc -I/Users/runner/Library/Developer/Xcode/DerivedData/ScannerSnap-fjzdjswwgvbpvmdfdokcshcchpwn/Build/Intermediates.noindex/ArchiveIntermediates/ScannerSnap/BuildProductsPath/Release-iphoneos/include -Xcc -I/Users/runner/Library/Developer/Xcode/DerivedData/ScannerSnap-fjzdjswwgvbpvmdfdokcshcchpwn/Build/Intermediates.noindex/ArchiveIntermediates/ScannerSnap/IntermediateBuildFilesPath/ScannerSnap.build/Release-iphoneos/ScannerSnap.build/DerivedSources-normal/arm64 -Xcc -I/Users/runner/Library/Developer/Xcode/DerivedData/ScannerSnap-fjzdjswwgvbpvmdfdokcshcchpwn/Build/Intermediates.noindex/ArchiveIntermediates/ScannerSnap/IntermediateBuildFilesPath/ScannerSnap.build/Release-iphoneos/ScannerSnap.build/DerivedSources/arm64 -Xcc -I/Users/runner/Library/Developer/Xcode/DerivedData/ScannerSnap-fjzdjswwgvbpvmdfdokcshcchpwn/Build/Intermediates.noindex/ArchiveIntermediates/ScannerSnap/IntermediateBuildFilesPath/ScannerSnap.build/Release-iphoneos/ScannerSnap.build/DerivedSources -Xcc -DCOCOAPODS\=1 -emit-objc-header -emit-objc-header-path /Users/runner/Library/Developer/Xcode/DerivedData/ScannerSnap-fjzdjswwgvbpvmdfdokcshcchpwn/Build/Intermediates.noindex/ArchiveIntermediates/ScannerSnap/IntermediateBuildFilesPath/ScannerSnap.build/Release-iphoneos/ScannerSnap.build/Objects-normal/arm64/ScannerSnap-Swift.h -working-directory /Users/runner/work/ScannerSnap/ScannerSnap -no-emit-module-separately-wmo

ScanDependencies /Users/runner/Library/Developer/Xcode/DerivedData/ScannerSnap-fjzdjswwgvbpvmdfdokcshcchpwn/Build/Intermediates.noindex/ArchiveIntermediates/ScannerSnap/IntermediateBuildFilesPath/Pods.build/Release-iphoneos/Pods-ScannerSnap.build/Objects-normal/arm64/Pods_ScannerSnap_vers.o /Users/runner/Library/Developer/Xcode/DerivedData/ScannerSnap-fjzdjswwgvbpvmdfdokcshcchpwn/Build/Intermediates.noindex/ArchiveIntermediates/ScannerSnap/IntermediateBuildFilesPath/Pods.build/Release-iphoneos/Pods-ScannerSnap.build/DerivedSources/Pods_ScannerSnap_vers.c normal arm64 c com.apple.compilers.llvm.clang.1_0.compiler (in target 'Pods-ScannerSnap' from project 'Pods')
    cd /Users/runner/work/ScannerSnap/ScannerSnap/Pods
    
    Using response file: /Users/runner/Library/Developer/Xcode/DerivedData/ScannerSnap-fjzdjswwgvbpvmdfdokcshcchpwn/Build/Intermediates.noindex/ArchiveIntermediates/ScannerSnap/IntermediateBuildFilesPath/Pods.build/Release-iphoneos/Pods-ScannerSnap.build/Objects-normal/arm64/7187679823f38a2a940e0043cdf9d637-common-args.resp
    
    builtin-ScanDependencies -o /Users/runner/Library/Developer/Xcode/DerivedData/ScannerSnap-fjzdjswwgvbpvmdfdokcshcchpwn/Build/Intermediates.noindex/ArchiveIntermediates/ScannerSnap/IntermediateBuildFilesPath/Pods.build/Release-iphoneos/Pods-ScannerSnap.build/Objects-normal/arm64/Pods_ScannerSnap_vers.o.scan -- /Applications/Xcode_26.3.app/Contents/Developer/Toolchains/XcodeDefault.xctoolchain/usr/bin/clang -x c -ivfsstatcache /Users/runner/Library/Developer/Xcode/DerivedData/SDKStatCaches.noindex/iphoneos26.2-23C57-dc75598d0054f22ec865fa860f139d722dd23b4ebda140f7210d155ff1243552.sdkstatcache -fmessage-length\=0 -fdiagnostics-show-note-include-stack -fmacro-backtrace-limit\=0 -fno-color-diagnostics -fmodules-prune-interval\=86400 -fmodules-prune-after\=345600 -fbuild-session-file\=/Users/runner/Library/Developer/Xcode/DerivedData/ModuleCache.noindex/Session.modulevalidation -fmodules-validate-once-per-build-session -Wnon-modular-include-in-framework-module -Werror\=non-modular-include-in-framework-module -Wno-trigraphs -Wno-missing-field-initializers -Wno-missing-prototypes -Werror\=return-type -Wdocumentation -Wunreachable-code -Werror\=deprecated-objc-isa-usage -Werror\=objc-root-class -Wno-missing-braces -Wparentheses -Wswitch -Wunused-function -Wno-unused-label -Wno-unused-parameter -Wunused-variable -Wunused-value -Wempty-body -Wuninitialized -Wconditional-uninitialized -Wno-unknown-pragmas -Wno-shadow -Wno-four-char-constants -Wno-conversion -Wconstant-conversion -Wint-conversion -Wbool-conversion -Wenum-conversion -Wno-float-conversion -Wnon-literal-null-conversion -Wobjc-literal-conversion -Wshorten-64-to-32 -Wpointer-sign -Wno-newline-eof -Wno-implicit-fallthrough -fstrict-aliasing -Wdeprecated-declarations -Wno-sign-conversion -Winfinite-recursion -Wcomma -Wblock-capture-autoreleasing -Wstrict-prototypes -Wno-semicolon-before-method-body -Wunguarded-availability @/Users/runner/Library/Developer/Xcode/DerivedData/ScannerSnap-fjzdjswwgvbpvmdfdokcshcchpwn/Build/Intermediates.noindex/ArchiveIntermediates/ScannerSnap/IntermediateBuildFilesPath/Pods.build/Release-iphoneos/Pods-ScannerSnap.build/Objects-normal/arm64/7187679823f38a2a940e0043cdf9d637-common-args.resp -MMD -MT dependencies -MF /Users/runner/Library/Developer/Xcode/DerivedData/ScannerSnap-fjzdjswwgvbpvmdfdokcshcchpwn/Build/Intermediates.noindex/ArchiveIntermediates/ScannerSnap/IntermediateBuildFilesPath/Pods.build/Release-iphoneos/Pods-ScannerSnap.build/Objects-normal/arm64/Pods_ScannerSnap_vers.d --serialize-diagnostics /Users/runner/Library/Developer/Xcode/DerivedData/ScannerSnap-fjzdjswwgvbpvmdfdokcshcchpwn/Build/Intermediates.noindex/ArchiveIntermediates/ScannerSnap/IntermediateBuildFilesPath/Pods.build/Release-iphoneos/Pods-ScannerSnap.build/Objects-normal/arm64/Pods_ScannerSnap_vers.dia -c /Users/runner/Library/Developer/Xcode/DerivedData/ScannerSnap-fjzdjswwgvbpvmdfdokcshcchpwn/Build/Intermediates.noindex/ArchiveIntermediates/ScannerSnap/IntermediateBuildFilesPath/Pods.build/Release-iphoneos/Pods-ScannerSnap.build/DerivedSources/Pods_ScannerSnap_vers.c -o /Users/runner/Library/Developer/Xcode/DerivedData/ScannerSnap-fjzdjswwgvbpvmdfdokcshcchpwn/Build/Intermediates.noindex/ArchiveIntermediates/ScannerSnap/IntermediateBuildFilesPath/Pods.build/Release-iphoneos/Pods-ScannerSnap.build/Objects-normal/arm64/Pods_ScannerSnap_vers.o

ScanDependencies /Users/runner/Library/Developer/Xcode/DerivedData/ScannerSnap-fjzdjswwgvbpvmdfdokcshcchpwn/Build/Intermediates.noindex/ArchiveIntermediates/ScannerSnap/IntermediateBuildFilesPath/Pods.build/Release-iphoneos/Pods-ScannerSnap.build/Objects-normal/arm64/Pods-ScannerSnap-dummy.o /Users/runner/work/ScannerSnap/ScannerSnap/Pods/Target\ Support\ Files/Pods-ScannerSnap/Pods-ScannerSnap-dummy.m normal arm64 objective-c com.apple.compilers.llvm.clang.1_0.compiler (in target 'Pods-ScannerSnap' from project 'Pods')
    cd /Users/runner/work/ScannerSnap/ScannerSnap/Pods
    
    Using response file: /Users/runner/Library/Developer/Xcode/DerivedData/ScannerSnap-fjzdjswwgvbpvmdfdokcshcchpwn/Build/Intermediates.noindex/ArchiveIntermediates/ScannerSnap/IntermediateBuildFilesPath/Pods.build/Release-iphoneos/Pods-ScannerSnap.build/Objects-normal/arm64/e6072d4f65d7061329687fe24e3d63a7-common-args.resp
    
    builtin-ScanDependencies -o /Users/runner/Library/Developer/Xcode/DerivedData/ScannerSnap-fjzdjswwgvbpvmdfdokcshcchpwn/Build/Intermediates.noindex/ArchiveIntermediates/ScannerSnap/IntermediateBuildFilesPath/Pods.build/Release-iphoneos/Pods-ScannerSnap.build/Objects-normal/arm64/Pods-ScannerSnap-dummy.o.scan -- /Applications/Xcode_26.3.app/Contents/Developer/Toolchains/XcodeDefault.xctoolchain/usr/bin/clang -x objective-c -ivfsstatcache /Users/runner/Library/Developer/Xcode/DerivedData/SDKStatCaches.noindex/iphoneos26.2-23C57-dc75598d0054f22ec865fa860f139d722dd23b4ebda140f7210d155ff1243552.sdkstatcache -fmessage-length\=0 -fdiagnostics-show-note-include-stack -fmacro-backtrace-limit\=0 -fno-color-diagnostics -fmodules-prune-interval\=86400 -fmodules-prune-after\=345600 -fbuild-session-file\=/Users/runner/Library/Developer/Xcode/DerivedData/ModuleCache.noindex/Session.modulevalidation -fmodules-validate-once-per-build-session -Wnon-modular-include-in-framework-module -Werror\=non-modular-include-in-framework-module -Wno-trigraphs -Wno-missing-field-initializers -Wno-missing-prototypes -Werror\=return-type -Wdocumentation -Wunreachable-code -Wno-implicit-atomic-properties -Werror\=deprecated-objc-isa-usage -Wno-objc-interface-ivars -Werror\=objc-root-class -Wno-arc-repeated-use-of-weak -Wimplicit-retain-self -Wduplicate-method-match -Wno-missing-braces -Wparentheses -Wswitch -Wunused-function -Wno-unused-label -Wno-unused-parameter -Wunused-variable -Wunused-value -Wempty-body -Wuninitialized -Wconditional-uninitialized -Wno-unknown-pragmas -Wno-shadow -Wno-four-char-constants -Wno-conversion -Wconstant-conversion -Wint-conversion -Wbool-conversion -Wenum-conversion -Wno-float-conversion -Wnon-literal-null-conversion -Wobjc-literal-conversion -Wshorten-64-to-32 -Wpointer-sign -Wno-newline-eof -Wno-selector -Wno-strict-selector-match -Wundeclared-selector -Wdeprecated-implementations -Wno-implicit-fallthrough -fstrict-aliasing -Wprotocol -Wdeprecated-declarations -Wno-sign-conversion -Winfinite-recursion -Wcomma -Wblock-capture-autoreleasing -Wstrict-prototypes -Wno-semicolon-before-method-body -Wunguarded-availability @/Users/runner/Library/Developer/Xcode/DerivedData/ScannerSnap-fjzdjswwgvbpvmdfdokcshcchpwn/Build/Intermediates.noindex/ArchiveIntermediates/ScannerSnap/IntermediateBuildFilesPath/Pods.build/Release-iphoneos/Pods-ScannerSnap.build/Objects-normal/arm64/e6072d4f65d7061329687fe24e3d63a7-common-args.resp -MMD -MT dependencies -MF /Users/runner/Library/Developer/Xcode/DerivedData/ScannerSnap-fjzdjswwgvbpvmdfdokcshcchpwn/Build/Intermediates.noindex/ArchiveIntermediates/ScannerSnap/IntermediateBuildFilesPath/Pods.build/Release-iphoneos/Pods-ScannerSnap.build/Objects-normal/arm64/Pods-ScannerSnap-dummy.d --serialize-diagnostics /Users/runner/Library/Developer/Xcode/DerivedData/ScannerSnap-fjzdjswwgvbpvmdfdokcshcchpwn/Build/Intermediates.noindex/ArchiveIntermediates/ScannerSnap/IntermediateBuildFilesPath/Pods.build/Release-iphoneos/Pods-ScannerSnap.build/Objects-normal/arm64/Pods-ScannerSnap-dummy.dia -c /Users/runner/work/ScannerSnap/ScannerSnap/Pods/Target\ Support\ Files/Pods-ScannerSnap/Pods-ScannerSnap-dummy.m -o /Users/runner/Library/Developer/Xcode/DerivedData/ScannerSnap-fjzdjswwgvbpvmdfdokcshcchpwn/Build/Intermediates.noindex/ArchiveIntermediates/ScannerSnap/IntermediateBuildFilesPath/Pods.build/Release-iphoneos/Pods-ScannerSnap.build/Objects-normal/arm64/Pods-ScannerSnap-dummy.o

CompileC /Users/runner/Library/Developer/Xcode/DerivedData/ScannerSnap-fjzdjswwgvbpvmdfdokcshcchpwn/Build/Intermediates.noindex/ArchiveIntermediates/ScannerSnap/IntermediateBuildFilesPath/Pods.build/Release-iphoneos/Pods-ScannerSnap.build/Objects-normal/arm64/Pods_ScannerSnap_vers.o /Users/runner/Library/Developer/Xcode/DerivedData/ScannerSnap-fjzdjswwgvbpvmdfdokcshcchpwn/Build/Intermediates.noindex/ArchiveIntermediates/ScannerSnap/IntermediateBuildFilesPath/Pods.build/Release-iphoneos/Pods-ScannerSnap.build/DerivedSources/Pods_ScannerSnap_vers.c normal arm64 c com.apple.compilers.llvm.clang.1_0.compiler (in target 'Pods-ScannerSnap' from project 'Pods')
    cd /Users/runner/work/ScannerSnap/ScannerSnap/Pods
    
    Using response file: /Users/runner/Library/Developer/Xcode/DerivedData/ScannerSnap-fjzdjswwgvbpvmdfdokcshcchpwn/Build/Intermediates.noindex/ArchiveIntermediates/ScannerSnap/IntermediateBuildFilesPath/Pods.build/Release-iphoneos/Pods-ScannerSnap.build/Objects-normal/arm64/7187679823f38a2a940e0043cdf9d637-common-args.resp
    
    /Applications/Xcode_26.3.app/Contents/Developer/Toolchains/XcodeDefault.xctoolchain/usr/bin/clang -x c -ivfsstatcache /Users/runner/Library/Developer/Xcode/DerivedData/SDKStatCaches.noindex/iphoneos26.2-23C57-dc75598d0054f22ec865fa860f139d722dd23b4ebda140f7210d155ff1243552.sdkstatcache -fmessage-length\=0 -fdiagnostics-show-note-include-stack -fmacro-backtrace-limit\=0 -fno-color-diagnostics -fmodules-prune-interval\=86400 -fmodules-prune-after\=345600 -fbuild-session-file\=/Users/runner/Library/Developer/Xcode/DerivedData/ModuleCache.noindex/Session.modulevalidation -fmodules-validate-once-per-build-session -Wnon-modular-include-in-framework-module -Werror\=non-modular-include-in-framework-module -Wno-trigraphs -Wno-missing-field-initializers -Wno-missing-prototypes -Werror\=return-type -Wdocumentation -Wunreachable-code -Werror\=deprecated-objc-isa-usage -Werror\=objc-root-class -Wno-missing-braces -Wparentheses -Wswitch -Wunused-function -Wno-unused-label -Wno-unused-parameter -Wunused-variable -Wunused-value -Wempty-body -Wuninitialized -Wconditional-uninitialized -Wno-unknown-pragmas -Wno-shadow -Wno-four-char-constants -Wno-conversion -Wconstant-conversion -Wint-conversion -Wbool-conversion -Wenum-conversion -Wno-float-conversion -Wnon-literal-null-conversion -Wobjc-literal-conversion -Wshorten-64-to-32 -Wpointer-sign -Wno-newline-eof -Wno-implicit-fallthrough -fstrict-aliasing -Wdeprecated-declarations -Wno-sign-conversion -Winfinite-recursion -Wcomma -Wblock-capture-autoreleasing -Wstrict-prototypes -Wno-semicolon-before-method-body -Wunguarded-availability @/Users/runner/Library/Developer/Xcode/DerivedData/ScannerSnap-fjzdjswwgvbpvmdfdokcshcchpwn/Build/Intermediates.noindex/ArchiveIntermediates/ScannerSnap/IntermediateBuildFilesPath/Pods.build/Release-iphoneos/Pods-ScannerSnap.build/Objects-normal/arm64/7187679823f38a2a940e0043cdf9d637-common-args.resp -MMD -MT dependencies -MF /Users/runner/Library/Developer/Xcode/DerivedData/ScannerSnap-fjzdjswwgvbpvmdfdokcshcchpwn/Build/Intermediates.noindex/ArchiveIntermediates/ScannerSnap/IntermediateBuildFilesPath/Pods.build/Release-iphoneos/Pods-ScannerSnap.build/Objects-normal/arm64/Pods_ScannerSnap_vers.d --serialize-diagnostics /Users/runner/Library/Developer/Xcode/DerivedData/ScannerSnap-fjzdjswwgvbpvmdfdokcshcchpwn/Build/Intermediates.noindex/ArchiveIntermediates/ScannerSnap/IntermediateBuildFilesPath/Pods.build/Release-iphoneos/Pods-ScannerSnap.build/Objects-normal/arm64/Pods_ScannerSnap_vers.dia -c /Users/runner/Library/Developer/Xcode/DerivedData/ScannerSnap-fjzdjswwgvbpvmdfdokcshcchpwn/Build/Intermediates.noindex/ArchiveIntermediates/ScannerSnap/IntermediateBuildFilesPath/Pods.build/Release-iphoneos/Pods-ScannerSnap.build/DerivedSources/Pods_ScannerSnap_vers.c -o /Users/runner/Library/Developer/Xcode/DerivedData/ScannerSnap-fjzdjswwgvbpvmdfdokcshcchpwn/Build/Intermediates.noindex/ArchiveIntermediates/ScannerSnap/IntermediateBuildFilesPath/Pods.build/Release-iphoneos/Pods-ScannerSnap.build/Objects-normal/arm64/Pods_ScannerSnap_vers.o

PrecompileModule /Users/runner/Library/Developer/Xcode/DerivedData/ScannerSnap-fjzdjswwgvbpvmdfdokcshcchpwn/Build/Intermediates.noindex/ArchiveIntermediates/ScannerSnap/IntermediateBuildFilesPath/ExplicitPrecompiledModules/_Builtin_stddef-3GDQA42JAV0L1EYC1SF9DFL4.scan
    cd /
    builtin-precompileModule /Users/runner/Library/Developer/Xcode/DerivedData/ScannerSnap-fjzdjswwgvbpvmdfdokcshcchpwn/Build/Intermediates.noindex/ArchiveIntermediates/ScannerSnap/IntermediateBuildFilesPath/ExplicitPrecompiledModules/_Builtin_stddef-3GDQA42JAV0L1EYC1SF9DFL4.scan

PrecompileModule /Users/runner/Library/Developer/Xcode/DerivedData/ScannerSnap-fjzdjswwgvbpvmdfdokcshcchpwn/Build/Intermediates.noindex/ArchiveIntermediates/ScannerSnap/IntermediateBuildFilesPath/ExplicitPrecompiledModules/_Builtin_float-7TABNBAX80AUU7ZLCJID5O3SE.scan
    cd /
    builtin-precompileModule /Users/runner/Library/Developer/Xcode/DerivedData/ScannerSnap-fjzdjswwgvbpvmdfdokcshcchpwn/Build/Intermediates.noindex/ArchiveIntermediates/ScannerSnap/IntermediateBuildFilesPath/ExplicitPrecompiledModules/_Builtin_float-7TABNBAX80AUU7ZLCJID5O3SE.scan

PrecompileModule /Users/runner/Library/Developer/Xcode/DerivedData/ScannerSnap-fjzdjswwgvbpvmdfdokcshcchpwn/Build/Intermediates.noindex/ArchiveIntermediates/ScannerSnap/IntermediateBuildFilesPath/ExplicitPrecompiledModules/ptrcheck-E04AH2BN19J3UWI3B69NX1AGH.scan
    cd /
    builtin-precompileModule /Users/runner/Library/Developer/Xcode/DerivedData/ScannerSnap-fjzdjswwgvbpvmdfdokcshcchpwn/Build/Intermediates.noindex/ArchiveIntermediates/ScannerSnap/IntermediateBuildFilesPath/ExplicitPrecompiledModules/ptrcheck-E04AH2BN19J3UWI3B69NX1AGH.scan

PrecompileModule /Users/runner/Library/Developer/Xcode/DerivedData/ScannerSnap-fjzdjswwgvbpvmdfdokcshcchpwn/Build/Intermediates.noindex/ArchiveIntermediates/ScannerSnap/IntermediateBuildFilesPath/ExplicitPrecompiledModules/_AvailabilityInternal-57G06GRM876XLCLD29ABSL8NX.scan
    cd /
    builtin-precompileModule /Users/runner/Library/Developer/Xcode/DerivedData/ScannerSnap-fjzdjswwgvbpvmdfdokcshcchpwn/Build/Intermediates.noindex/ArchiveIntermediates/ScannerSnap/IntermediateBuildFilesPath/ExplicitPrecompiledModules/_AvailabilityInternal-57G06GRM876XLCLD29ABSL8NX.scan

PrecompileModule /Users/runner/Library/Developer/Xcode/DerivedData/ScannerSnap-fjzdjswwgvbpvmdfdokcshcchpwn/Build/Intermediates.noindex/ArchiveIntermediates/ScannerSnap/IntermediateBuildFilesPath/ExplicitPrecompiledModules/_Builtin_stdarg-69CEDW076CJ3UHA6GWM3QRTL7.scan
    cd /
    builtin-precompileModule /Users/runner/Library/Developer/Xcode/DerivedData/ScannerSnap-fjzdjswwgvbpvmdfdokcshcchpwn/Build/Intermediates.noindex/ArchiveIntermediates/ScannerSnap/IntermediateBuildFilesPath/ExplicitPrecompiledModules/_Builtin_stdarg-69CEDW076CJ3UHA6GWM3QRTL7.scan

PrecompileModule /Users/runner/Library/Developer/Xcode/DerivedData/ScannerSnap-fjzdjswwgvbpvmdfdokcshcchpwn/Build/Intermediates.noindex/ArchiveIntermediates/ScannerSnap/IntermediateBuildFilesPath/ExplicitPrecompiledModules/_DarwinFoundation1-505ACYOYFJ9EGE1W6GGCH93PV.scan
    cd /
    builtin-precompileModule /Users/runner/Library/Developer/Xcode/DerivedData/ScannerSnap-fjzdjswwgvbpvmdfdokcshcchpwn/Build/Intermediates.noindex/ArchiveIntermediates/ScannerSnap/IntermediateBuildFilesPath/ExplicitPrecompiledModules/_DarwinFoundation1-505ACYOYFJ9EGE1W6GGCH93PV.scan

PrecompileModule /Users/runner/Library/Developer/Xcode/DerivedData/ScannerSnap-fjzdjswwgvbpvmdfdokcshcchpwn/Build/Intermediates.noindex/ArchiveIntermediates/ScannerSnap/IntermediateBuildFilesPath/ExplicitPrecompiledModules/ptrauth-BYFTDBNX4FGZ2TCL8OSSA4RJL.scan
    cd /
    builtin-precompileModule /Users/runner/Library/Developer/Xcode/DerivedData/ScannerSnap-fjzdjswwgvbpvmdfdokcshcchpwn/Build/Intermediates.noindex/ArchiveIntermediates/ScannerSnap/IntermediateBuildFilesPath/ExplicitPrecompiledModules/ptrauth-BYFTDBNX4FGZ2TCL8OSSA4RJL.scan

PrecompileModule /Users/runner/Library/Developer/Xcode/DerivedData/ScannerSnap-fjzdjswwgvbpvmdfdokcshcchpwn/Build/Intermediates.noindex/ArchiveIntermediates/ScannerSnap/IntermediateBuildFilesPath/ExplicitPrecompiledModules/_Builtin_limits-3HSMMDHBIXXOLJD7Q5CHZJPZC.scan
    cd /
    builtin-precompileModule /Users/runner/Library/Developer/Xcode/DerivedData/ScannerSnap-fjzdjswwgvbpvmdfdokcshcchpwn/Build/Intermediates.noindex/ArchiveIntermediates/ScannerSnap/IntermediateBuildFilesPath/ExplicitPrecompiledModules/_Builtin_limits-3HSMMDHBIXXOLJD7Q5CHZJPZC.scan

PrecompileModule /Users/runner/Library/Developer/Xcode/DerivedData/ScannerSnap-fjzdjswwgvbpvmdfdokcshcchpwn/Build/Intermediates.noindex/ArchiveIntermediates/ScannerSnap/IntermediateBuildFilesPath/ExplicitPrecompiledModules/_DarwinFoundation2-JCE0C36JCEIAVYYJ9L9XNIQJ.scan
    cd /
    builtin-precompileModule /Users/runner/Library/Developer/Xcode/DerivedData/ScannerSnap-fjzdjswwgvbpvmdfdokcshcchpwn/Build/Intermediates.noindex/ArchiveIntermediates/ScannerSnap/IntermediateBuildFilesPath/ExplicitPrecompiledModules/_DarwinFoundation2-JCE0C36JCEIAVYYJ9L9XNIQJ.scan

PrecompileModule /Users/runner/Library/Developer/Xcode/DerivedData/ScannerSnap-fjzdjswwgvbpvmdfdokcshcchpwn/Build/Intermediates.noindex/ArchiveIntermediates/ScannerSnap/IntermediateBuildFilesPath/ExplicitPrecompiledModules/_Builtin_stdbool-CIO3E5KBW7YGB3BGDKVOWERB1.scan
    cd /
    builtin-precompileModule /Users/runner/Library/Developer/Xcode/DerivedData/ScannerSnap-fjzdjswwgvbpvmdfdokcshcchpwn/Build/Intermediates.noindex/ArchiveIntermediates/ScannerSnap/IntermediateBuildFilesPath/ExplicitPrecompiledModules/_Builtin_stdbool-CIO3E5KBW7YGB3BGDKVOWERB1.scan

PrecompileModule /Users/runner/Library/Developer/Xcode/DerivedData/ScannerSnap-fjzdjswwgvbpvmdfdokcshcchpwn/Build/Intermediates.noindex/ArchiveIntermediates/ScannerSnap/IntermediateBuildFilesPath/ExplicitPrecompiledModules/_Builtin_stdint-BK1JU3IXAORWLPJD8VRR2SS5Z.scan
    cd /
    builtin-precompileModule /Users/runner/Library/Developer/Xcode/DerivedData/ScannerSnap-fjzdjswwgvbpvmdfdokcshcchpwn/Build/Intermediates.noindex/ArchiveIntermediates/ScannerSnap/IntermediateBuildFilesPath/ExplicitPrecompiledModules/_Builtin_stdint-BK1JU3IXAORWLPJD8VRR2SS5Z.scan

PrecompileModule /Users/runner/Library/Developer/Xcode/DerivedData/ScannerSnap-fjzdjswwgvbpvmdfdokcshcchpwn/Build/Intermediates.noindex/ArchiveIntermediates/ScannerSnap/IntermediateBuildFilesPath/ExplicitPrecompiledModules/_DarwinFoundation3-CC6XLB4HMADTQYYRG7AODF28I.scan
    cd /
    builtin-precompileModule /Users/runner/Library/Developer/Xcode/DerivedData/ScannerSnap-fjzdjswwgvbpvmdfdokcshcchpwn/Build/Intermediates.noindex/ArchiveIntermediates/ScannerSnap/IntermediateBuildFilesPath/ExplicitPrecompiledModules/_DarwinFoundation3-CC6XLB4HMADTQYYRG7AODF28I.scan

PrecompileModule /Users/runner/Library/Developer/Xcode/DerivedData/ScannerSnap-fjzdjswwgvbpvmdfdokcshcchpwn/Build/Intermediates.noindex/ArchiveIntermediates/ScannerSnap/IntermediateBuildFilesPath/ExplicitPrecompiledModules/_Builtin_inttypes-5PAY1B0FNL7C5ZWDZ3N49MB6W.scan
    cd /
    builtin-precompileModule /Users/runner/Library/Developer/Xcode/DerivedData/ScannerSnap-fjzdjswwgvbpvmdfdokcshcchpwn/Build/Intermediates.noindex/ArchiveIntermediates/ScannerSnap/IntermediateBuildFilesPath/ExplicitPrecompiledModules/_Builtin_inttypes-5PAY1B0FNL7C5ZWDZ3N49MB6W.scan

PrecompileModule /Users/runner/Library/Developer/Xcode/DerivedData/ScannerSnap-fjzdjswwgvbpvmdfdokcshcchpwn/Build/Intermediates.noindex/ArchiveIntermediates/ScannerSnap/IntermediateBuildFilesPath/ExplicitPrecompiledModules/Darwin-4XOM5692UP6JKRI63IDM2A7C3.scan
    cd /
    builtin-precompileModule /Users/runner/Library/Developer/Xcode/DerivedData/ScannerSnap-fjzdjswwgvbpvmdfdokcshcchpwn/Build/Intermediates.noindex/ArchiveIntermediates/ScannerSnap/IntermediateBuildFilesPath/ExplicitPrecompiledModules/Darwin-4XOM5692UP6JKRI63IDM2A7C3.scan

PrecompileModule /Users/runner/Library/Developer/Xcode/DerivedData/ScannerSnap-fjzdjswwgvbpvmdfdokcshcchpwn/Build/Intermediates.noindex/ArchiveIntermediates/ScannerSnap/IntermediateBuildFilesPath/ExplicitPrecompiledModules/ObjectiveC-2DXUXXBA1C9TRGHQGOENB8WCT.scan
    cd /
    builtin-precompileModule /Users/runner/Library/Developer/Xcode/DerivedData/ScannerSnap-fjzdjswwgvbpvmdfdokcshcchpwn/Build/Intermediates.noindex/ArchiveIntermediates/ScannerSnap/IntermediateBuildFilesPath/ExplicitPrecompiledModules/ObjectiveC-2DXUXXBA1C9TRGHQGOENB8WCT.scan

PrecompileModule /Users/runner/Library/Developer/Xcode/DerivedData/ScannerSnap-fjzdjswwgvbpvmdfdokcshcchpwn/Build/Intermediates.noindex/ArchiveIntermediates/ScannerSnap/IntermediateBuildFilesPath/ExplicitPrecompiledModules/os_object-BQE5CH1BGVQAWNN9MS32NIQ79.scan
    cd /
    builtin-precompileModule /Users/runner/Library/Developer/Xcode/DerivedData/ScannerSnap-fjzdjswwgvbpvmdfdokcshcchpwn/Build/Intermediates.noindex/ArchiveIntermediates/ScannerSnap/IntermediateBuildFilesPath/ExplicitPrecompiledModules/os_object-BQE5CH1BGVQAWNN9MS32NIQ79.scan

PrecompileModule /Users/runner/Library/Developer/Xcode/DerivedData/ScannerSnap-fjzdjswwgvbpvmdfdokcshcchpwn/Build/Intermediates.noindex/ArchiveIntermediates/ScannerSnap/IntermediateBuildFilesPath/ExplicitPrecompiledModules/os_workgroup-7YEFIHGTBTDNZ05VAMAQ0VYN5.scan
    cd /
    builtin-precompileModule /Users/runner/Library/Developer/Xcode/DerivedData/ScannerSnap-fjzdjswwgvbpvmdfdokcshcchpwn/Build/Intermediates.noindex/ArchiveIntermediates/ScannerSnap/IntermediateBuildFilesPath/ExplicitPrecompiledModules/os_workgroup-7YEFIHGTBTDNZ05VAMAQ0VYN5.scan

PrecompileModule /Users/runner/Library/Developer/Xcode/DerivedData/ScannerSnap-fjzdjswwgvbpvmdfdokcshcchpwn/Build/Intermediates.noindex/ArchiveIntermediates/ScannerSnap/IntermediateBuildFilesPath/ExplicitPrecompiledModules/Dispatch-ELZF8MAHMG7RS7F58IE8HQ3M1.scan
    cd /
    builtin-precompileModule /Users/runner/Library/Developer/Xcode/DerivedData/ScannerSnap-fjzdjswwgvbpvmdfdokcshcchpwn/Build/Intermediates.noindex/ArchiveIntermediates/ScannerSnap/IntermediateBuildFilesPath/ExplicitPrecompiledModules/Dispatch-ELZF8MAHMG7RS7F58IE8HQ3M1.scan

PrecompileModule /Users/runner/Library/Developer/Xcode/DerivedData/ScannerSnap-fjzdjswwgvbpvmdfdokcshcchpwn/Build/Intermediates.noindex/ArchiveIntermediates/ScannerSnap/IntermediateBuildFilesPath/ExplicitPrecompiledModules/CoreFoundation-EDLUNAUJLWFGF15PZLDDI1OPO.scan
    cd /
    builtin-precompileModule /Users/runner/Library/Developer/Xcode/DerivedData/ScannerSnap-fjzdjswwgvbpvmdfdokcshcchpwn/Build/Intermediates.noindex/ArchiveIntermediates/ScannerSnap/IntermediateBuildFilesPath/ExplicitPrecompiledModules/CoreFoundation-EDLUNAUJLWFGF15PZLDDI1OPO.scan

PrecompileModule /Users/runner/Library/Developer/Xcode/DerivedData/ScannerSnap-fjzdjswwgvbpvmdfdokcshcchpwn/Build/Intermediates.noindex/ArchiveIntermediates/ScannerSnap/IntermediateBuildFilesPath/ExplicitPrecompiledModules/XPC-4RGT5FLYRABPTE8K9GH0JYMIK.scan
    cd /
    builtin-precompileModule /Users/runner/Library/Developer/Xcode/DerivedData/ScannerSnap-fjzdjswwgvbpvmdfdokcshcchpwn/Build/Intermediates.noindex/ArchiveIntermediates/ScannerSnap/IntermediateBuildFilesPath/ExplicitPrecompiledModules/XPC-4RGT5FLYRABPTE8K9GH0JYMIK.scan

PrecompileModule /Users/runner/Library/Developer/Xcode/DerivedData/ScannerSnap-fjzdjswwgvbpvmdfdokcshcchpwn/Build/Intermediates.noindex/ArchiveIntermediates/ScannerSnap/IntermediateBuildFilesPath/ExplicitPrecompiledModules/CFNetwork-EAGAD6VGSC9NM0D8KCCRA06BN.scan
    cd /
    builtin-precompileModule /Users/runner/Library/Developer/Xcode/DerivedData/ScannerSnap-fjzdjswwgvbpvmdfdokcshcchpwn/Build/Intermediates.noindex/ArchiveIntermediates/ScannerSnap/IntermediateBuildFilesPath/ExplicitPrecompiledModules/CFNetwork-EAGAD6VGSC9NM0D8KCCRA06BN.scan

PrecompileModule /Users/runner/Library/Developer/Xcode/DerivedData/ScannerSnap-fjzdjswwgvbpvmdfdokcshcchpwn/Build/Intermediates.noindex/ArchiveIntermediates/ScannerSnap/IntermediateBuildFilesPath/ExplicitPrecompiledModules/Security-AGMSMB60AG00MBFWEVINTD0GK.scan
    cd /
    builtin-precompileModule /Users/runner/Library/Developer/Xcode/DerivedData/ScannerSnap-fjzdjswwgvbpvmdfdokcshcchpwn/Build/Intermediates.noindex/ArchiveIntermediates/ScannerSnap/IntermediateBuildFilesPath/ExplicitPrecompiledModules/Security-AGMSMB60AG00MBFWEVINTD0GK.scan

PrecompileModule /Users/runner/Library/Developer/Xcode/DerivedData/ScannerSnap-fjzdjswwgvbpvmdfdokcshcchpwn/Build/Intermediates.noindex/ArchiveIntermediates/ScannerSnap/IntermediateBuildFilesPath/ExplicitPrecompiledModules/Foundation-8ZOEGHPDEXNJZVCG49S3DXL9O.scan
    cd /
    builtin-precompileModule /Users/runner/Library/Developer/Xcode/DerivedData/ScannerSnap-fjzdjswwgvbpvmdfdokcshcchpwn/Build/Intermediates.noindex/ArchiveIntermediates/ScannerSnap/IntermediateBuildFilesPath/ExplicitPrecompiledModules/Foundation-8ZOEGHPDEXNJZVCG49S3DXL9O.scan

SwiftDriver\ Compilation ScannerSnap normal arm64 com.apple.xcode.tools.swift.compiler (in target 'ScannerSnap' from project 'ScannerSnap')
    cd /Users/runner/work/ScannerSnap/ScannerSnap
    builtin-Swift-Compilation -- /Applications/Xcode_26.3.app/Contents/Developer/Toolchains/XcodeDefault.xctoolchain/usr/bin/swiftc -module-name ScannerSnap -O -whole-module-optimization -enforce-exclusivity\=checked @/Users/runner/Library/Developer/Xcode/DerivedData/ScannerSnap-fjzdjswwgvbpvmdfdokcshcchpwn/Build/Intermediates.noindex/ArchiveIntermediates/ScannerSnap/IntermediateBuildFilesPath/ScannerSnap.build/Release-iphoneos/ScannerSnap.build/Objects-normal/arm64/ScannerSnap.SwiftFileList -enable-bare-slash-regex -enable-experimental-feature DebugDescriptionMacro -sdk /Applications/Xcode_26.3.app/Contents/Developer/Platforms/iPhoneOS.platform/Developer/SDKs/iPhoneOS26.2.sdk -target arm64-apple-ios15.0 -g -module-cache-path /Users/runner/Library/Developer/Xcode/DerivedData/ModuleCache.noindex -Xfrontend -serialize-debugging-options -swift-version 5 -I /Users/runner/Library/Developer/Xcode/DerivedData/ScannerSnap-fjzdjswwgvbpvmdfdokcshcchpwn/Build/Intermediates.noindex/ArchiveIntermediates/ScannerSnap/BuildProductsPath/Release-iphoneos -F /Users/runner/Library/Developer/Xcode/DerivedData/ScannerSnap-fjzdjswwgvbpvmdfdokcshcchpwn/Build/Intermediates.noindex/ArchiveIntermediates/ScannerSnap/BuildProductsPath/Release-iphoneos -F /Users/runner/work/ScannerSnap/ScannerSnap/Pods/UMCommon/UMCommon_7.5.10 -F /Users/runner/work/ScannerSnap/ScannerSnap/Pods/UMDevice/UMDevice_3.5.0 -F /Users/runner/Library/Developer/Xcode/DerivedData/ScannerSnap-fjzdjswwgvbpvmdfdokcshcchpwn/Build/Intermediates.noindex/ArchiveIntermediates/ScannerSnap/BuildProductsPath/Release-iphoneos/XCFrameworkIntermediates/UMCommon -F /Users/runner/Library/Developer/Xcode/DerivedData/ScannerSnap-fjzdjswwgvbpvmdfdokcshcchpwn/Build/Intermediates.noindex/ArchiveIntermediates/ScannerSnap/BuildProductsPath/Release-iphoneos/XCFrameworkIntermediates/UMDevice -emit-localized-strings -emit-localized-strings-path /Users/runner/Library/Developer/Xcode/DerivedData/ScannerSnap-fjzdjswwgvbpvmdfdokcshcchpwn/Build/Intermediates.noindex/ArchiveIntermediates/ScannerSnap/IntermediateBuildFilesPath/ScannerSnap.build/Release-iphoneos/ScannerSnap.build/Objects-normal/arm64 -c -num-threads 3 -Xcc -ivfsstatcache -Xcc /Users/runner/Library/Developer/Xcode/DerivedData/SDKStatCaches.noindex/iphoneos26.2-23C57-dc75598d0054f22ec865fa860f139d722dd23b4ebda140f7210d155ff1243552.sdkstatcache -output-file-map /Users/runner/Library/Developer/Xcode/DerivedData/ScannerSnap-fjzdjswwgvbpvmdfdokcshcchpwn/Build/Intermediates.noindex/ArchiveIntermediates/ScannerSnap/IntermediateBuildFilesPath/ScannerSnap.build/Release-iphoneos/ScannerSnap.build/Objects-normal/arm64/ScannerSnap-OutputFileMap.json -use-frontend-parseable-output -save-temps -no-color-diagnostics -explicit-module-build -module-cache-path /Users/runner/Library/Developer/Xcode/DerivedData/ScannerSnap-fjzdjswwgvbpvmdfdokcshcchpwn/Build/Intermediates.noindex/ArchiveIntermediates/ScannerSnap/IntermediateBuildFilesPath/SwiftExplicitPrecompiledModules -clang-scanner-module-cache-path /Users/runner/Library/Developer/Xcode/DerivedData/ModuleCache.noindex -sdk-module-cache-path /Users/runner/Library/Developer/Xcode/DerivedData/ModuleCache.noindex -serialize-diagnostics -emit-dependencies -emit-module -emit-module-path /Users/runner/Library/Developer/Xcode/DerivedData/ScannerSnap-fjzdjswwgvbpvmdfdokcshcchpwn/Build/Intermediates.noindex/ArchiveIntermediates/ScannerSnap/IntermediateBuildFilesPath/ScannerSnap.build/Release-iphoneos/ScannerSnap.build/Objects-normal/arm64/ScannerSnap.swiftmodule -validate-clang-modules-once -clang-build-session-file /Users/runner/Library/Developer/Xcode/DerivedData/ModuleCache.noindex/Session.modulevalidation -Xcc -I/Users/runner/Library/Developer/Xcode/DerivedData/ScannerSnap-fjzdjswwgvbpvmdfdokcshcchpwn/Build/Intermediates.noindex/ArchiveIntermediates/ScannerSnap/IntermediateBuildFilesPath/ScannerSnap.build/Release-iphoneos/ScannerSnap.build/swift-overrides.hmap -emit-const-values -Xfrontend -const-gather-protocols-file -Xfrontend /Users/runner/Library/Developer/Xcode/DerivedData/ScannerSnap-fjzdjswwgvbpvmdfdokcshcchpwn/Build/Intermediates.noindex/ArchiveIntermediates/ScannerSnap/IntermediateBuildFilesPath/ScannerSnap.build/Release-iphoneos/ScannerSnap.build/Objects-normal/arm64/ScannerSnap_const_extract_protocols.json -Xcc -iquote -Xcc /Users/runner/Library/Developer/Xcode/DerivedData/ScannerSnap-fjzdjswwgvbpvmdfdokcshcchpwn/Build/Intermediates.noindex/ArchiveIntermediates/ScannerSnap/IntermediateBuildFilesPath/ScannerSnap.build/Release-iphoneos/ScannerSnap.build/ScannerSnap-generated-files.hmap -Xcc -I/Users/runner/Library/Developer/Xcode/DerivedData/ScannerSnap-fjzdjswwgvbpvmdfdokcshcchpwn/Build/Intermediates.noindex/ArchiveIntermediates/ScannerSnap/IntermediateBuildFilesPath/ScannerSnap.build/Release-iphoneos/ScannerSnap.build/ScannerSnap-own-target-headers.hmap -Xcc -I/Users/runner/Library/Developer/Xcode/DerivedData/ScannerSnap-fjzdjswwgvbpvmdfdokcshcchpwn/Build/Intermediates.noindex/ArchiveIntermediates/ScannerSnap/IntermediateBuildFilesPath/ScannerSnap.build/Release-iphoneos/ScannerSnap.build/ScannerSnap-all-non-framework-target-headers.hmap -Xcc -ivfsoverlay -Xcc /Users/runner/Library/Developer/Xcode/DerivedData/ScannerSnap-fjzdjswwgvbpvmdfdokcshcchpwn/Build/Intermediates.noindex/ArchiveIntermediates/ScannerSnap/IntermediateBuildFilesPath/ScannerSnap.build/Release-iphoneos/ScannerSnap-16b25ce42712510a9f3ca4d8f3f39dcf-VFS-iphoneos/all-product-headers.yaml -Xcc -iquote -Xcc /Users/runner/Library/Developer/Xcode/DerivedData/ScannerSnap-fjzdjswwgvbpvmdfdokcshcchpwn/Build/Intermediates.noindex/ArchiveIntermediates/ScannerSnap/IntermediateBuildFilesPath/ScannerSnap.build/Release-iphoneos/ScannerSnap.build/ScannerSnap-project-headers.hmap -Xcc -I/Users/runner/Library/Developer/Xcode/DerivedData/ScannerSnap-fjzdjswwgvbpvmdfdokcshcchpwn/Build/Intermediates.noindex/ArchiveIntermediates/ScannerSnap/BuildProductsPath/Release-iphoneos/include -Xcc -I/Users/runner/Library/Developer/Xcode/DerivedData/ScannerSnap-fjzdjswwgvbpvmdfdokcshcchpwn/Build/Intermediates.noindex/ArchiveIntermediates/ScannerSnap/IntermediateBuildFilesPath/ScannerSnap.build/Release-iphoneos/ScannerSnap.build/DerivedSources-normal/arm64 -Xcc -I/Users/runner/Library/Developer/Xcode/DerivedData/ScannerSnap-fjzdjswwgvbpvmdfdokcshcchpwn/Build/Intermediates.noindex/ArchiveIntermediates/ScannerSnap/IntermediateBuildFilesPath/ScannerSnap.build/Release-iphoneos/ScannerSnap.build/DerivedSources/arm64 -Xcc -I/Users/runner/Library/Developer/Xcode/DerivedData/ScannerSnap-fjzdjswwgvbpvmdfdokcshcchpwn/Build/Intermediates.noindex/ArchiveIntermediates/ScannerSnap/IntermediateBuildFilesPath/ScannerSnap.build/Release-iphoneos/ScannerSnap.build/DerivedSources -Xcc -DCOCOAPODS\=1 -emit-objc-header -emit-objc-header-path /Users/runner/Library/Developer/Xcode/DerivedData/ScannerSnap-fjzdjswwgvbpvmdfdokcshcchpwn/Build/Intermediates.noindex/ArchiveIntermediates/ScannerSnap/IntermediateBuildFilesPath/ScannerSnap.build/Release-iphoneos/ScannerSnap.build/Objects-normal/arm64/ScannerSnap-Swift.h -working-directory /Users/runner/work/ScannerSnap/ScannerSnap -no-emit-module-separately-wmo

SwiftExplicitDependencyGeneratePcm arm64 /Users/runner/Library/Developer/Xcode/DerivedData/ModuleCache.noindex/ptrauth-1Y82ZI8JJINRN1FZ63K8V9FEN.pcm

SwiftExplicitDependencyGeneratePcm arm64 /Users/runner/Library/Developer/Xcode/DerivedData/ModuleCache.noindex/_Builtin_stddef-D56B3AOPZILRV5RY4Z7BMDOSL.pcm

SwiftExplicitDependencyGeneratePcm arm64 /Users/runner/Library/Developer/Xcode/DerivedData/ModuleCache.noindex/_AvailabilityInternal-B2MJT460RPZK6C0PMHF3AYFHD.pcm

SwiftExplicitDependencyGeneratePcm arm64 /Users/runner/Library/Developer/Xcode/DerivedData/ModuleCache.noindex/SwiftShims-36L5TMN9OUCLA1P8DKJP9RN6Y.pcm

SwiftExplicitDependencyGeneratePcm arm64 /Users/runner/Library/Developer/Xcode/DerivedData/ModuleCache.noindex/_Builtin_float-6Q04N3WJW42GZHXGGCGCMO3V5.pcm

SwiftExplicitDependencyGeneratePcm arm64 /Users/runner/Library/Developer/Xcode/DerivedData/ModuleCache.noindex/_Builtin_stdbool-E4PO5GYSXQ6FUD9MW336XM8CW.pcm

SwiftExplicitDependencyGeneratePcm arm64 /Users/runner/Library/Developer/Xcode/DerivedData/ModuleCache.noindex/_SwiftConcurrencyShims-ET20BZ6W4R0387G36PO1KXMLT.pcm

SwiftExplicitDependencyGeneratePcm arm64 /Users/runner/Library/Developer/Xcode/DerivedData/ModuleCache.noindex/_StoreKit_SwiftUI-1T7X346OILNGBZAAEVX8SSJLU.pcm

SwiftExplicitDependencyGeneratePcm arm64 /Users/runner/Library/Developer/Xcode/DerivedData/ModuleCache.noindex/ptrcheck-4B75TA49T7YAARX5JSPE1KZDM.pcm

SwiftExplicitDependencyGeneratePcm arm64 /Users/runner/Library/Developer/Xcode/DerivedData/ModuleCache.noindex/DeveloperToolsSupport-91M3588X5I450EVJX866G6F37.pcm

SwiftExplicitDependencyGeneratePcm arm64 /Users/runner/Library/Developer/Xcode/DerivedData/ModuleCache.noindex/_Builtin_stdarg-3UADYY6JF9BGYXF2W3DEH9JXO.pcm

SwiftExplicitDependencyGeneratePcm arm64 /Users/runner/Library/Developer/Xcode/DerivedData/ModuleCache.noindex/_DarwinFoundation1-AXAK9ONW7IKCKKQ7MHOZIUP92.pcm

CompileC /Users/runner/Library/Developer/Xcode/DerivedData/ScannerSnap-fjzdjswwgvbpvmdfdokcshcchpwn/Build/Intermediates.noindex/ArchiveIntermediates/ScannerSnap/IntermediateBuildFilesPath/Pods.build/Release-iphoneos/Pods-ScannerSnap.build/Objects-normal/arm64/Pods-ScannerSnap-dummy.o /Users/runner/work/ScannerSnap/ScannerSnap/Pods/Target\ Support\ Files/Pods-ScannerSnap/Pods-ScannerSnap-dummy.m normal arm64 objective-c com.apple.compilers.llvm.clang.1_0.compiler (in target 'Pods-ScannerSnap' from project 'Pods')
    cd /Users/runner/work/ScannerSnap/ScannerSnap/Pods
    
    Using response file: /Users/runner/Library/Developer/Xcode/DerivedData/ScannerSnap-fjzdjswwgvbpvmdfdokcshcchpwn/Build/Intermediates.noindex/ArchiveIntermediates/ScannerSnap/IntermediateBuildFilesPath/Pods.build/Release-iphoneos/Pods-ScannerSnap.build/Objects-normal/arm64/e6072d4f65d7061329687fe24e3d63a7-common-args.resp
    
    /Applications/Xcode_26.3.app/Contents/Developer/Toolchains/XcodeDefault.xctoolchain/usr/bin/clang -x objective-c -ivfsstatcache /Users/runner/Library/Developer/Xcode/DerivedData/SDKStatCaches.noindex/iphoneos26.2-23C57-dc75598d0054f22ec865fa860f139d722dd23b4ebda140f7210d155ff1243552.sdkstatcache -fmessage-length\=0 -fdiagnostics-show-note-include-stack -fmacro-backtrace-limit\=0 -fno-color-diagnostics -fmodules-prune-interval\=86400 -fmodules-prune-after\=345600 -fbuild-session-file\=/Users/runner/Library/Developer/Xcode/DerivedData/ModuleCache.noindex/Session.modulevalidation -fmodules-validate-once-per-build-session -Wnon-modular-include-in-framework-module -Werror\=non-modular-include-in-framework-module -Wno-trigraphs -Wno-missing-field-initializers -Wno-missing-prototypes -Werror\=return-type -Wdocumentation -Wunreachable-code -Wno-implicit-atomic-properties -Werror\=deprecated-objc-isa-usage -Wno-objc-interface-ivars -Werror\=objc-root-class -Wno-arc-repeated-use-of-weak -Wimplicit-retain-self -Wduplicate-method-match -Wno-missing-braces -Wparentheses -Wswitch -Wunused-function -Wno-unused-label -Wno-unused-parameter -Wunused-variable -Wunused-value -Wempty-body -Wuninitialized -Wconditional-uninitialized -Wno-unknown-pragmas -Wno-shadow -Wno-four-char-constants -Wno-conversion -Wconstant-conversion -Wint-conversion -Wbool-conversion -Wenum-conversion -Wno-float-conversion -Wnon-literal-null-conversion -Wobjc-literal-conversion -Wshorten-64-to-32 -Wpointer-sign -Wno-newline-eof -Wno-selector -Wno-strict-selector-match -Wundeclared-selector -Wdeprecated-implementations -Wno-implicit-fallthrough -fstrict-aliasing -Wprotocol -Wdeprecated-declarations -Wno-sign-conversion -Winfinite-recursion -Wcomma -Wblock-capture-autoreleasing -Wstrict-prototypes -Wno-semicolon-before-method-body -Wunguarded-availability @/Users/runner/Library/Developer/Xcode/DerivedData/ScannerSnap-fjzdjswwgvbpvmdfdokcshcchpwn/Build/Intermediates.noindex/ArchiveIntermediates/ScannerSnap/IntermediateBuildFilesPath/Pods.build/Release-iphoneos/Pods-ScannerSnap.build/Objects-normal/arm64/e6072d4f65d7061329687fe24e3d63a7-common-args.resp -MMD -MT dependencies -MF /Users/runner/Library/Developer/Xcode/DerivedData/ScannerSnap-fjzdjswwgvbpvmdfdokcshcchpwn/Build/Intermediates.noindex/ArchiveIntermediates/ScannerSnap/IntermediateBuildFilesPath/Pods.build/Release-iphoneos/Pods-ScannerSnap.build/Objects-normal/arm64/Pods-ScannerSnap-dummy.d --serialize-diagnostics /Users/runner/Library/Developer/Xcode/DerivedData/ScannerSnap-fjzdjswwgvbpvmdfdokcshcchpwn/Build/Intermediates.noindex/ArchiveIntermediates/ScannerSnap/IntermediateBuildFilesPath/Pods.build/Release-iphoneos/Pods-ScannerSnap.build/Objects-normal/arm64/Pods-ScannerSnap-dummy.dia -c /Users/runner/work/ScannerSnap/ScannerSnap/Pods/Target\ Support\ Files/Pods-ScannerSnap/Pods-ScannerSnap-dummy.m -o /Users/runner/Library/Developer/Xcode/DerivedData/ScannerSnap-fjzdjswwgvbpvmdfdokcshcchpwn/Build/Intermediates.noindex/ArchiveIntermediates/ScannerSnap/IntermediateBuildFilesPath/Pods.build/Release-iphoneos/Pods-ScannerSnap.build/Objects-normal/arm64/Pods-ScannerSnap-dummy.o

Libtool /Users/runner/Library/Developer/Xcode/DerivedData/ScannerSnap-fjzdjswwgvbpvmdfdokcshcchpwn/Build/Intermediates.noindex/ArchiveIntermediates/ScannerSnap/IntermediateBuildFilesPath/UninstalledProducts/iphoneos/Pods_ScannerSnap.framework/Pods_ScannerSnap normal (in target 'Pods-ScannerSnap' from project 'Pods')
    cd /Users/runner/work/ScannerSnap/ScannerSnap/Pods
    /Applications/Xcode_26.3.app/Contents/Developer/Toolchains/XcodeDefault.xctoolchain/usr/bin/libtool -static -arch_only arm64 -D -syslibroot /Applications/Xcode_26.3.app/Contents/Developer/Platforms/iPhoneOS.platform/Developer/SDKs/iPhoneOS26.2.sdk -L/Users/runner/Library/Developer/Xcode/DerivedData/ScannerSnap-fjzdjswwgvbpvmdfdokcshcchpwn/Build/Intermediates.noindex/ArchiveIntermediates/ScannerSnap/BuildProductsPath/Release-iphoneos -filelist /Users/runner/Library/Developer/Xcode/DerivedData/ScannerSnap-fjzdjswwgvbpvmdfdokcshcchpwn/Build/Intermediates.noindex/ArchiveIntermediates/ScannerSnap/IntermediateBuildFilesPath/Pods.build/Release-iphoneos/Pods-ScannerSnap.build/Objects-normal/arm64/Pods_ScannerSnap.LinkFileList -framework Foundation -dependency_info /Users/runner/Library/Developer/Xcode/DerivedData/ScannerSnap-fjzdjswwgvbpvmdfdokcshcchpwn/Build/Intermediates.noindex/ArchiveIntermediates/ScannerSnap/IntermediateBuildFilesPath/Pods.build/Release-iphoneos/Pods-ScannerSnap.build/Objects-normal/arm64/Pods_ScannerSnap_libtool_dependency_info.dat -o /Users/runner/Library/Developer/Xcode/DerivedData/ScannerSnap-fjzdjswwgvbpvmdfdokcshcchpwn/Build/Intermediates.noindex/ArchiveIntermediates/ScannerSnap/IntermediateBuildFilesPath/UninstalledProducts/iphoneos/Pods_ScannerSnap.framework/Pods_ScannerSnap

SetOwnerAndGroup runner:staff /Users/runner/Library/Developer/Xcode/DerivedData/ScannerSnap-fjzdjswwgvbpvmdfdokcshcchpwn/Build/Intermediates.noindex/ArchiveIntermediates/ScannerSnap/IntermediateBuildFilesPath/UninstalledProducts/iphoneos/Pods_ScannerSnap.framework (in target 'Pods-ScannerSnap' from project 'Pods')
    cd /Users/runner/work/ScannerSnap/ScannerSnap/Pods
    /usr/sbin/chown -RH runner:staff /Users/runner/Library/Developer/Xcode/DerivedData/ScannerSnap-fjzdjswwgvbpvmdfdokcshcchpwn/Build/Intermediates.noindex/ArchiveIntermediates/ScannerSnap/IntermediateBuildFilesPath/UninstalledProducts/iphoneos/Pods_ScannerSnap.framework

SetMode u+w,go-w,a+rX /Users/runner/Library/Developer/Xcode/DerivedData/ScannerSnap-fjzdjswwgvbpvmdfdokcshcchpwn/Build/Intermediates.noindex/ArchiveIntermediates/ScannerSnap/IntermediateBuildFilesPath/UninstalledProducts/iphoneos/Pods_ScannerSnap.framework (in target 'Pods-ScannerSnap' from project 'Pods')
    cd /Users/runner/work/ScannerSnap/ScannerSnap/Pods
    /bin/chmod -RH u+w,go-w,a+rX /Users/runner/Library/Developer/Xcode/DerivedData/ScannerSnap-fjzdjswwgvbpvmdfdokcshcchpwn/Build/Intermediates.noindex/ArchiveIntermediates/ScannerSnap/IntermediateBuildFilesPath/UninstalledProducts/iphoneos/Pods_ScannerSnap.framework

RegisterExecutionPolicyException /Users/runner/Library/Developer/Xcode/DerivedData/ScannerSnap-fjzdjswwgvbpvmdfdokcshcchpwn/Build/Intermediates.noindex/ArchiveIntermediates/ScannerSnap/IntermediateBuildFilesPath/UninstalledProducts/iphoneos/Pods_ScannerSnap.framework (in target 'Pods-ScannerSnap' from project 'Pods')
    cd /Users/runner/work/ScannerSnap/ScannerSnap/Pods
    builtin-RegisterExecutionPolicyException /Users/runner/Library/Developer/Xcode/DerivedData/ScannerSnap-fjzdjswwgvbpvmdfdokcshcchpwn/Build/Intermediates.noindex/ArchiveIntermediates/ScannerSnap/IntermediateBuildFilesPath/UninstalledProducts/iphoneos/Pods_ScannerSnap.framework

SwiftExplicitDependencyGeneratePcm arm64 /Users/runner/Library/Developer/Xcode/DerivedData/ModuleCache.noindex/_DarwinFoundation2-1KT0N7QVJW9SSDL0IT59PIDTQ.pcm

SwiftExplicitDependencyGeneratePcm arm64 /Users/runner/Library/Developer/Xcode/DerivedData/ModuleCache.noindex/_Builtin_limits-9C4XWF56YW5VJNE462XX3S291.pcm

SwiftExplicitDependencyGeneratePcm arm64 /Users/runner/Library/Developer/Xcode/DerivedData/ModuleCache.noindex/ExtensionFoundation-KBUSF8XO2NYC7SINEFMXG81H.pcm

SwiftExplicitDependencyGeneratePcm arm64 /Users/runner/Library/Developer/Xcode/DerivedData/ModuleCache.noindex/sys_types-E69JO91901MPSX468XXSJ0DWA.pcm

SwiftExplicitDependencyGeneratePcm arm64 /Users/runner/Library/Developer/Xcode/DerivedData/ModuleCache.noindex/_Builtin_tgmath-1TUS3D6GAQO0OXTADD9NGJMDW.pcm

SwiftExplicitDependencyGeneratePcm arm64 /Users/runner/Library/Developer/Xcode/DerivedData/ModuleCache.noindex/_Builtin_stdint-4ZBGKR1WDBRDOEE3FG0E90DW4.pcm

Touch /Users/runner/Library/Developer/Xcode/DerivedData/ScannerSnap-fjzdjswwgvbpvmdfdokcshcchpwn/Build/Intermediates.noindex/ArchiveIntermediates/ScannerSnap/IntermediateBuildFilesPath/UninstalledProducts/iphoneos/Pods_ScannerSnap.framework (in target 'Pods-ScannerSnap' from project 'Pods')
    cd /Users/runner/work/ScannerSnap/ScannerSnap/Pods
    /usr/bin/touch -c /Users/runner/Library/Developer/Xcode/DerivedData/ScannerSnap-fjzdjswwgvbpvmdfdokcshcchpwn/Build/Intermediates.noindex/ArchiveIntermediates/ScannerSnap/IntermediateBuildFilesPath/UninstalledProducts/iphoneos/Pods_ScannerSnap.framework

CpResource /Users/runner/Library/Developer/Xcode/DerivedData/ScannerSnap-fjzdjswwgvbpvmdfdokcshcchpwn/Build/Intermediates.noindex/ArchiveIntermediates/ScannerSnap/InstallationBuildProductsLocation/Applications/ScannerSnap.app/ScannerSnap_localization_20251215_101946.txt /Users/runner/work/ScannerSnap/ScannerSnap/ScannerSnap/ScannerSnap_localization_20251215_101946.txt (in target 'ScannerSnap' from project 'ScannerSnap')
    cd /Users/runner/work/ScannerSnap/ScannerSnap
    builtin-copy -exclude .DS_Store -exclude CVS -exclude .svn -exclude .git -exclude .hg -resolve-src-symlinks /Users/runner/work/ScannerSnap/ScannerSnap/ScannerSnap/ScannerSnap_localization_20251215_101946.txt /Users/runner/Library/Developer/Xcode/DerivedData/ScannerSnap-fjzdjswwgvbpvmdfdokcshcchpwn/Build/Intermediates.noindex/ArchiveIntermediates/ScannerSnap/InstallationBuildProductsLocation/Applications/ScannerSnap.app

CopyStringsFile /Users/runner/Library/Developer/Xcode/DerivedData/ScannerSnap-fjzdjswwgvbpvmdfdokcshcchpwn/Build/Intermediates.noindex/ArchiveIntermediates/ScannerSnap/InstallationBuildProductsLocation/Applications/ScannerSnap.app/zh-Hans.lproj/Localizable.strings /Users/runner/work/ScannerSnap/ScannerSnap/ScannerSnap/zh-Hans.lproj/Localizable.strings (in target 'ScannerSnap' from project 'ScannerSnap')
    cd /Users/runner/work/ScannerSnap/ScannerSnap
    builtin-copyStrings --validate --outputencoding binary --outfilename Localizable.strings --outdir /Users/runner/Library/Developer/Xcode/DerivedData/ScannerSnap-fjzdjswwgvbpvmdfdokcshcchpwn/Build/Intermediates.noindex/ArchiveIntermediates/ScannerSnap/InstallationBuildProductsLocation/Applications/ScannerSnap.app/zh-Hans.lproj -- /Users/runner/work/ScannerSnap/ScannerSnap/ScannerSnap/zh-Hans.lproj/Localizable.strings
/Users/runner/work/ScannerSnap/ScannerSnap/ScannerSnap/zh-Hans.lproj/Localizable.strings:1:1: note: detected encoding of input file as Unicode (UTF-8) (in target 'ScannerSnap' from project 'ScannerSnap')

CopyStringsFile /Users/runner/Library/Developer/Xcode/DerivedData/ScannerSnap-fjzdjswwgvbpvmdfdokcshcchpwn/Build/Intermediates.noindex/ArchiveIntermediates/ScannerSnap/InstallationBuildProductsLocation/Applications/ScannerSnap.app/zh-Hans.lproj/InfoPlist.strings /Users/runner/work/ScannerSnap/ScannerSnap/ScannerSnap/zh-Hans.lproj/InfoPlist.strings (in target 'ScannerSnap' from project 'ScannerSnap')
    cd /Users/runner/work/ScannerSnap/ScannerSnap
    builtin-copyStrings --validate --outputencoding binary --outfilename InfoPlist.strings --outdir /Users/runner/Library/Developer/Xcode/DerivedData/ScannerSnap-fjzdjswwgvbpvmdfdokcshcchpwn/Build/Intermediates.noindex/ArchiveIntermediates/ScannerSnap/InstallationBuildProductsLocation/Applications/ScannerSnap.app/zh-Hans.lproj -- /Users/runner/work/ScannerSnap/ScannerSnap/ScannerSnap/zh-Hans.lproj/InfoPlist.strings
/Users/runner/work/ScannerSnap/ScannerSnap/ScannerSnap/zh-Hans.lproj/InfoPlist.strings:1:1: note: detected encoding of input file as Unicode (UTF-8) (in target 'ScannerSnap' from project 'ScannerSnap')

CopyStringsFile /Users/runner/Library/Developer/Xcode/DerivedData/ScannerSnap-fjzdjswwgvbpvmdfdokcshcchpwn/Build/Intermediates.noindex/ArchiveIntermediates/ScannerSnap/InstallationBuildProductsLocation/Applications/ScannerSnap.app/en.lproj/Localizable.strings /Users/runner/work/ScannerSnap/ScannerSnap/ScannerSnap/en.lproj/Localizable.strings (in target 'ScannerSnap' from project 'ScannerSnap')
    cd /Users/runner/work/ScannerSnap/ScannerSnap
    builtin-copyStrings --validate --outputencoding binary --outfilename Localizable.strings --outdir /Users/runner/Library/Developer/Xcode/DerivedData/ScannerSnap-fjzdjswwgvbpvmdfdokcshcchpwn/Build/Intermediates.noindex/ArchiveIntermediates/ScannerSnap/InstallationBuildProductsLocation/Applications/ScannerSnap.app/en.lproj -- /Users/runner/work/ScannerSnap/ScannerSnap/ScannerSnap/en.lproj/Localizable.strings
/Users/runner/work/ScannerSnap/ScannerSnap/ScannerSnap/en.lproj/Localizable.strings:1:1: note: detected encoding of input file as Unicode (UTF-8) (in target 'ScannerSnap' from project 'ScannerSnap')

SwiftExplicitDependencyGeneratePcm arm64 /Users/runner/Library/Developer/Xcode/DerivedData/ModuleCache.noindex/_Builtin_stdatomic-3WK2Z71TFBQKU6QB4L36DE6DC.pcm

SwiftExplicitDependencyGeneratePcm arm64 /Users/runner/Library/Developer/Xcode/DerivedData/ModuleCache.noindex/_Builtin_intrinsics-DJ6QEK45NQG9PH3GWW33QL5IU.pcm

SwiftExplicitDependencyGeneratePcm arm64 /Users/runner/Library/Developer/Xcode/DerivedData/ModuleCache.noindex/_DarwinFoundation3-D40WAL051S54GZJ60Z168IDIJ.pcm

CopyStringsFile /Users/runner/Library/Developer/Xcode/DerivedData/ScannerSnap-fjzdjswwgvbpvmdfdokcshcchpwn/Build/Intermediates.noindex/ArchiveIntermediates/ScannerSnap/InstallationBuildProductsLocation/Applications/ScannerSnap.app/en.lproj/InfoPlist.strings /Users/runner/work/ScannerSnap/ScannerSnap/ScannerSnap/en.lproj/InfoPlist.strings (in target 'ScannerSnap' from project 'ScannerSnap')
    cd /Users/runner/work/ScannerSnap/ScannerSnap
    builtin-copyStrings --validate --outputencoding binary --outfilename InfoPlist.strings --outdir /Users/runner/Library/Developer/Xcode/DerivedData/ScannerSnap-fjzdjswwgvbpvmdfdokcshcchpwn/Build/Intermediates.noindex/ArchiveIntermediates/ScannerSnap/InstallationBuildProductsLocation/Applications/ScannerSnap.app/en.lproj -- /Users/runner/work/ScannerSnap/ScannerSnap/ScannerSnap/en.lproj/InfoPlist.strings
/Users/runner/work/ScannerSnap/ScannerSnap/ScannerSnap/en.lproj/InfoPlist.strings:1:1: note: detected encoding of input file as Unicode (UTF-8) (in target 'ScannerSnap' from project 'ScannerSnap')

SwiftExplicitDependencyGeneratePcm arm64 /Users/runner/Library/Developer/Xcode/DerivedData/ModuleCache.noindex/_Builtin_inttypes-ASOK1VH4JJGAVQVC810HI7EMV.pcm

CompileStoryboard /Users/runner/work/ScannerSnap/ScannerSnap/ScannerSnap/Base.lproj/LaunchScreen.storyboard (in target 'ScannerSnap' from project 'ScannerSnap')
    cd /Users/runner/work/ScannerSnap/ScannerSnap
    /Applications/Xcode_26.3.app/Contents/Developer/usr/bin/ibtool --errors --warnings --notices --module ScannerSnap --output-partial-info-plist /Users/runner/Library/Developer/Xcode/DerivedData/ScannerSnap-fjzdjswwgvbpvmdfdokcshcchpwn/Build/Intermediates.noindex/ArchiveIntermediates/ScannerSnap/IntermediateBuildFilesPath/ScannerSnap.build/Release-iphoneos/ScannerSnap.build/Base.lproj/LaunchScreen-SBPartialInfo.plist --auto-activate-custom-fonts --target-device iphone --target-device ipad --minimum-deployment-target 15.0 --output-format human-readable-text /Users/runner/work/ScannerSnap/ScannerSnap/ScannerSnap/Base.lproj/LaunchScreen.storyboard --compilation-directory /Users/runner/Library/Developer/Xcode/DerivedData/ScannerSnap-fjzdjswwgvbpvmdfdokcshcchpwn/Build/Intermediates.noindex/ArchiveIntermediates/ScannerSnap/IntermediateBuildFilesPath/ScannerSnap.build/Release-iphoneos/ScannerSnap.build/Base.lproj

SwiftExplicitDependencyGeneratePcm arm64 /Users/runner/Library/Developer/Xcode/DerivedData/ModuleCache.noindex/Darwin-32VBULM4JKW7F2LRJOYBITGQ2.pcm

SwiftExplicitDependencyGeneratePcm arm64 /Users/runner/Library/Developer/Xcode/DerivedData/ModuleCache.noindex/simd-BC09T05ZBP4J6AQ2DW5YSDFJF.pcm

SwiftExplicitDependencyGeneratePcm arm64 /Users/runner/Library/Developer/Xcode/DerivedData/ModuleCache.noindex/ObjectiveC-5TQAA2KKN8UV2ABL3ZGXO1F8F.pcm

SwiftExplicitDependencyGeneratePcm arm64 /Users/runner/Library/Developer/Xcode/DerivedData/ModuleCache.noindex/Spatial-AVALRA07WHT5QQA2UCIN30PPY.pcm

SwiftExplicitDependencyGeneratePcm arm64 /Users/runner/Library/Developer/Xcode/DerivedData/ModuleCache.noindex/MachO-XF793000230WFAGL2MUFO2LC.pcm

SwiftExplicitDependencyGeneratePcm arm64 /Users/runner/Library/Developer/Xcode/DerivedData/ModuleCache.noindex/os_object-4HBEW84IMG0SV75KWBGF0RPAH.pcm

LinkStoryboards (in target 'ScannerSnap' from project 'ScannerSnap')
    cd /Users/runner/work/ScannerSnap/ScannerSnap
    /Applications/Xcode_26.3.app/Contents/Developer/usr/bin/ibtool --errors --warnings --notices --module ScannerSnap --target-device iphone --target-device ipad --minimum-deployment-target 15.0 --output-format human-readable-text --link /Users/runner/Library/Developer/Xcode/DerivedData/ScannerSnap-fjzdjswwgvbpvmdfdokcshcchpwn/Build/Intermediates.noindex/ArchiveIntermediates/ScannerSnap/InstallationBuildProductsLocation/Applications/ScannerSnap.app /Users/runner/Library/Developer/Xcode/DerivedData/ScannerSnap-fjzdjswwgvbpvmdfdokcshcchpwn/Build/Intermediates.noindex/ArchiveIntermediates/ScannerSnap/IntermediateBuildFilesPath/ScannerSnap.build/Release-iphoneos/ScannerSnap.build/Base.lproj/LaunchScreen.storyboardc

SwiftExplicitDependencyGeneratePcm arm64 /Users/runner/Library/Developer/Xcode/DerivedData/ModuleCache.noindex/os_workgroup-9SJQPIK7APJMRV158BIKQV99U.pcm

SwiftExplicitDependencyGeneratePcm arm64 /Users/runner/Library/Developer/Xcode/DerivedData/ModuleCache.noindex/Dispatch-X3CFGJJVQX83YULHXU36K3X3.pcm

SwiftExplicitDependencyGeneratePcm arm64 /Users/runner/Library/Developer/Xcode/DerivedData/ModuleCache.noindex/dnssd-6X08POFDPHALJE4IWLODPAJ27.pcm

SwiftExplicitDependencyGeneratePcm arm64 /Users/runner/Library/Developer/Xcode/DerivedData/ModuleCache.noindex/CoreFoundation-3215T7Y2FPISGZJV8Y4WBJTG5.pcm

SwiftExplicitDependencyGeneratePcm arm64 /Users/runner/Library/Developer/Xcode/DerivedData/ModuleCache.noindex/XPC-89K375CHT9XZ8PGOT4UQAWR3.pcm

SwiftExplicitDependencyGeneratePcm arm64 /Users/runner/Library/Developer/Xcode/DerivedData/ModuleCache.noindex/os-2LE86AEK2RRCEWX1Q6Q5FMR7L.pcm

SwiftExplicitDependencyGeneratePcm arm64 /Users/runner/Library/Developer/Xcode/DerivedData/ModuleCache.noindex/CoreGraphics-2UONO584T1RSNICGD46TTIMWI.pcm

SwiftExplicitDependencyGeneratePcm arm64 /Users/runner/Library/Developer/Xcode/DerivedData/ModuleCache.noindex/Security-3XET3X1ZVNYOYNNVCH81T0HFO.pcm

SwiftExplicitDependencyGeneratePcm arm64 /Users/runner/Library/Developer/Xcode/DerivedData/ModuleCache.noindex/CoreAudioTypes-37I3J0UPJN8F5N1ZML6I4G9BO.pcm

SwiftExplicitDependencyGeneratePcm arm64 /Users/runner/Library/Developer/Xcode/DerivedData/ModuleCache.noindex/CoreText-ASW4JYHOHBTNI9Z1ZJFI18ZJX.pcm

SwiftExplicitDependencyGeneratePcm arm64 /Users/runner/Library/Developer/Xcode/DerivedData/ModuleCache.noindex/ImageIO-2PE3RSN3EQDR8AB492WCV5KVO.pcm

SwiftExplicitDependencyGeneratePcm arm64 /Users/runner/Library/Developer/Xcode/DerivedData/ModuleCache.noindex/CoreAudio-39J0NGEL7YX2SMOFXZTWIROOZ.pcm

SwiftExplicitDependencyGeneratePcm arm64 /Users/runner/Library/Developer/Xcode/DerivedData/ModuleCache.noindex/CFNetwork-E0B0K6S63NRFXUCN0I248J3I1.pcm

SwiftExplicitDependencyGeneratePcm arm64 /Users/runner/Library/Developer/Xcode/DerivedData/ModuleCache.noindex/Foundation-4I2YB51NCVN7PIQ9SOQ65EFCQ.pcm

SwiftExplicitDependencyGeneratePcm arm64 /Users/runner/Library/Developer/Xcode/DerivedData/ModuleCache.noindex/OSLog-5XPW98X3CH9B5HGSBSNWIPMSG.pcm

SwiftExplicitDependencyGeneratePcm arm64 /Users/runner/Library/Developer/Xcode/DerivedData/ModuleCache.noindex/_LocationEssentials-1VO5GDVADOMSYJ8Z8DSEWBWI2.pcm

SwiftExplicitDependencyGeneratePcm arm64 /Users/runner/Library/Developer/Xcode/DerivedData/ModuleCache.noindex/UniformTypeIdentifiers-3NK19WQD8IY7TNM619XIF67X7.pcm

SwiftExplicitDependencyGeneratePcm arm64 /Users/runner/Library/Developer/Xcode/DerivedData/ModuleCache.noindex/LocalAuthentication-AAGAF3KAMC1OIQ92O0SA543OB.pcm

SwiftExplicitDependencyGeneratePcm arm64 /Users/runner/Library/Developer/Xcode/DerivedData/ModuleCache.noindex/CoreLocation-EK5HV73ZA0L5M9GKBO2IBY40K.pcm

SwiftExplicitDependencyGeneratePcm arm64 /Users/runner/Library/Developer/Xcode/DerivedData/ModuleCache.noindex/IOSurface-EITNWS6CD8MHQPUNBQ8E33QS2.pcm

SwiftExplicitDependencyGeneratePcm arm64 /Users/runner/Library/Developer/Xcode/DerivedData/ModuleCache.noindex/Symbols-1OMEYTK0D02NE3NWLO9SNQLOB.pcm

SwiftExplicitDependencyGeneratePcm arm64 /Users/runner/Library/Developer/Xcode/DerivedData/ModuleCache.noindex/FileProvider-14568SSUIUX0NM03XVN13MM7N.pcm

SwiftExplicitDependencyGeneratePcm arm64 /Users/runner/Library/Developer/Xcode/DerivedData/ModuleCache.noindex/Metal-67AOBAU2YZN7OR2TPYHC4AGG9.pcm

SwiftExplicitDependencyGeneratePcm arm64 /Users/runner/Library/Developer/Xcode/DerivedData/ModuleCache.noindex/UIUtilities-8DB0XC5PDFUF6Y05HP9HFX70I.pcm

SwiftExplicitDependencyGeneratePcm arm64 /Users/runner/Library/Developer/Xcode/DerivedData/ModuleCache.noindex/OpenGLES-5BVFD2P8FW75C0D3OOF1NTSHT.pcm

SwiftExplicitDependencyGeneratePcm arm64 /Users/runner/Library/Developer/Xcode/DerivedData/ModuleCache.noindex/DataDetection-39C62IC8HT924M4AAX26RK9RF.pcm

SwiftExplicitDependencyGeneratePcm arm64 /Users/runner/Library/Developer/Xcode/DerivedData/ModuleCache.noindex/CoreMIDI-59M3GLKLQKF9378AHWLCKTCJ7.pcm

SwiftExplicitDependencyGeneratePcm arm64 /Users/runner/Library/Developer/Xcode/DerivedData/ModuleCache.noindex/Accessibility-7LEZIECK08G19RZT5RG2DPKBJ.pcm

SwiftExplicitDependencyGeneratePcm arm64 /Users/runner/Library/Developer/Xcode/DerivedData/ModuleCache.noindex/CoreVideo-71NZJPXNJCTVI17O2717FGKG7.pcm

SwiftExplicitDependencyGeneratePcm arm64 /Users/runner/Library/Developer/Xcode/DerivedData/ModuleCache.noindex/AudioToolbox-7DCGNBXVIZY73XMPP2DARH5TF.pcm

SwiftExplicitDependencyGeneratePcm arm64 /Users/runner/Library/Developer/Xcode/DerivedData/ModuleCache.noindex/BackgroundAssets-B6CAMOIX9VY5VPNZTJCK245ZV.pcm

SwiftExplicitDependencyGeneratePcm arm64 /Users/runner/Library/Developer/Xcode/DerivedData/ModuleCache.noindex/Accelerate-9AODM93B14847IIX27PRCXIEJ.pcm

SwiftExplicitDependencyGeneratePcm arm64 /Users/runner/Library/Developer/Xcode/DerivedData/ModuleCache.noindex/CoreML-1AZC1A75U33R10CUNTI338ID6.pcm

SwiftExplicitDependencyGeneratePcm arm64 /Users/runner/Library/Developer/Xcode/DerivedData/ModuleCache.noindex/QuartzCore-G4VI6MQNGAJ23I08R68TFRFW.pcm

SwiftExplicitDependencyGeneratePcm arm64 /Users/runner/Library/Developer/Xcode/DerivedData/ModuleCache.noindex/CoreMedia-6N9DTZ3Q28F14GWRS2XJT3D41.pcm

SwiftExplicitDependencyGeneratePcm arm64 /Users/runner/Library/Developer/Xcode/DerivedData/ModuleCache.noindex/SwiftUICore-5YI9C02NF3MHQBWW995K6KLE7.pcm

SwiftExplicitDependencyGeneratePcm arm64 /Users/runner/Library/Developer/Xcode/DerivedData/ModuleCache.noindex/Vision-6BY3R1O650XAWLI6TEB7D5D68.pcm

SwiftExplicitDependencyGeneratePcm arm64 /Users/runner/Library/Developer/Xcode/DerivedData/ModuleCache.noindex/AVFAudio-1EY9IPUZLAM12MRW47Q9FI499.pcm

SwiftExplicitDependencyGeneratePcm arm64 /Users/runner/Library/Developer/Xcode/DerivedData/ModuleCache.noindex/Network-B9JLTSOQBY04TPX89YOYEDA9W.pcm

SwiftExplicitDependencyGeneratePcm arm64 /Users/runner/Library/Developer/Xcode/DerivedData/ModuleCache.noindex/UserNotifications-12M6M0ALNKFG8Y2N3JC30RDHG.pcm

SwiftExplicitDependencyGeneratePcm arm64 /Users/runner/Library/Developer/Xcode/DerivedData/ModuleCache.noindex/CoreImage-BR89QKJ2INPTAV28N88H0K43K.pcm

SwiftExplicitDependencyGeneratePcm arm64 /Users/runner/Library/Developer/Xcode/DerivedData/ModuleCache.noindex/MediaToolbox-8P3BWOJONFUNFC4BAFTXD41G8.pcm

SwiftExplicitDependencyGeneratePcm arm64 /Users/runner/Library/Developer/Xcode/DerivedData/ModuleCache.noindex/AVRouting-ABXJG2DVXNXPTOWNFCJ15ZA61.pcm

SwiftExplicitDependencyGeneratePcm arm64 /Users/runner/Library/Developer/Xcode/DerivedData/ModuleCache.noindex/CoreTransferable-F4WNIHYYM49DYNGR39KCJNUHV.pcm

SwiftExplicitDependencyGeneratePcm arm64 /Users/runner/Library/Developer/Xcode/DerivedData/ModuleCache.noindex/AVFoundation-CSEOVNEZ793E6KJQMA0U0S8QV.pcm

SwiftExplicitDependencyGeneratePcm arm64 /Users/runner/Library/Developer/Xcode/DerivedData/ModuleCache.noindex/UIKit-EDFPHR8P79JGOAZWB9FIQRHYR.pcm

SwiftExplicitDependencyGeneratePcm arm64 /Users/runner/Library/Developer/Xcode/DerivedData/ModuleCache.noindex/CoreData-BPKV9QIGKFE3W18LLZW84WBW4.pcm

LinkAssetCatalog /Users/runner/work/ScannerSnap/ScannerSnap/ScannerSnap/Assets.xcassets (in target 'ScannerSnap' from project 'ScannerSnap')
    cd /Users/runner/work/ScannerSnap/ScannerSnap
    builtin-linkAssetCatalog --thinned /Users/runner/Library/Developer/Xcode/DerivedData/ScannerSnap-fjzdjswwgvbpvmdfdokcshcchpwn/Build/Intermediates.noindex/ArchiveIntermediates/ScannerSnap/IntermediateBuildFilesPath/ScannerSnap.build/Release-iphoneos/ScannerSnap.build/assetcatalog_output/thinned --thinned-dependencies /Users/runner/Library/Developer/Xcode/DerivedData/ScannerSnap-fjzdjswwgvbpvmdfdokcshcchpwn/Build/Intermediates.noindex/ArchiveIntermediates/ScannerSnap/IntermediateBuildFilesPath/ScannerSnap.build/Release-iphoneos/ScannerSnap.build/assetcatalog_dependencies_thinned --thinned-info-plist-content /Users/runner/Library/Developer/Xcode/DerivedData/ScannerSnap-fjzdjswwgvbpvmdfdokcshcchpwn/Build/Intermediates.noindex/ArchiveIntermediates/ScannerSnap/IntermediateBuildFilesPath/ScannerSnap.build/Release-iphoneos/ScannerSnap.build/assetcatalog_generated_info.plist_thinned --unthinned /Users/runner/Library/Developer/Xcode/DerivedData/ScannerSnap-fjzdjswwgvbpvmdfdokcshcchpwn/Build/Intermediates.noindex/ArchiveIntermediates/ScannerSnap/IntermediateBuildFilesPath/ScannerSnap.build/Release-iphoneos/ScannerSnap.build/assetcatalog_output/unthinned --unthinned-dependencies /Users/runner/Library/Developer/Xcode/DerivedData/ScannerSnap-fjzdjswwgvbpvmdfdokcshcchpwn/Build/Intermediates.noindex/ArchiveIntermediates/ScannerSnap/IntermediateBuildFilesPath/ScannerSnap.build/Release-iphoneos/ScannerSnap.build/assetcatalog_dependencies_unthinned --unthinned-info-plist-content /Users/runner/Library/Developer/Xcode/DerivedData/ScannerSnap-fjzdjswwgvbpvmdfdokcshcchpwn/Build/Intermediates.noindex/ArchiveIntermediates/ScannerSnap/IntermediateBuildFilesPath/ScannerSnap.build/Release-iphoneos/ScannerSnap.build/assetcatalog_generated_info.plist_unthinned --output /Users/runner/Library/Developer/Xcode/DerivedData/ScannerSnap-fjzdjswwgvbpvmdfdokcshcchpwn/Build/Intermediates.noindex/ArchiveIntermediates/ScannerSnap/InstallationBuildProductsLocation/Applications/ScannerSnap.app --plist-output /Users/runner/Library/Developer/Xcode/DerivedData/ScannerSnap-fjzdjswwgvbpvmdfdokcshcchpwn/Build/Intermediates.noindex/ArchiveIntermediates/ScannerSnap/IntermediateBuildFilesPath/ScannerSnap.build/Release-iphoneos/ScannerSnap.build/assetcatalog_generated_info.plist
note: Emplaced /Users/runner/Library/Developer/Xcode/DerivedData/ScannerSnap-fjzdjswwgvbpvmdfdokcshcchpwn/Build/Intermediates.noindex/ArchiveIntermediates/ScannerSnap/InstallationBuildProductsLocation/Applications/ScannerSnap.app/AppIcon60x60@2x.png (in target 'ScannerSnap' from project 'ScannerSnap')
note: Emplaced /Users/runner/Library/Developer/Xcode/DerivedData/ScannerSnap-fjzdjswwgvbpvmdfdokcshcchpwn/Build/Intermediates.noindex/ArchiveIntermediates/ScannerSnap/InstallationBuildProductsLocation/Applications/ScannerSnap.app/Assets.car (in target 'ScannerSnap' from project 'ScannerSnap')
note: Emplaced /Users/runner/Library/Developer/Xcode/DerivedData/ScannerSnap-fjzdjswwgvbpvmdfdokcshcchpwn/Build/Intermediates.noindex/ArchiveIntermediates/ScannerSnap/InstallationBuildProductsLocation/Applications/ScannerSnap.app/AppIcon76x76@2x~ipad.png (in target 'ScannerSnap' from project 'ScannerSnap')

SwiftExplicitDependencyGeneratePcm arm64 /Users/runner/Library/Developer/Xcode/DerivedData/ModuleCache.noindex/Photos-4JJQS82U1VPH87RKGZSFU5X8V.pcm

ProcessInfoPlistFile /Users/runner/Library/Developer/Xcode/DerivedData/ScannerSnap-fjzdjswwgvbpvmdfdokcshcchpwn/Build/Intermediates.noindex/ArchiveIntermediates/ScannerSnap/InstallationBuildProductsLocation/Applications/ScannerSnap.app/Info.plist /Users/runner/work/ScannerSnap/ScannerSnap/ScannerSnap/Info.plist (in target 'ScannerSnap' from project 'ScannerSnap')
    cd /Users/runner/work/ScannerSnap/ScannerSnap
    builtin-infoPlistUtility /Users/runner/work/ScannerSnap/ScannerSnap/ScannerSnap/Info.plist -producttype com.apple.product-type.application -genpkginfo /Users/runner/Library/Developer/Xcode/DerivedData/ScannerSnap-fjzdjswwgvbpvmdfdokcshcchpwn/Build/Intermediates.noindex/ArchiveIntermediates/ScannerSnap/InstallationBuildProductsLocation/Applications/ScannerSnap.app/PkgInfo -expandbuildsettings -format binary -platform iphoneos -additionalcontentfile /Users/runner/Library/Developer/Xcode/DerivedData/ScannerSnap-fjzdjswwgvbpvmdfdokcshcchpwn/Build/Intermediates.noindex/ArchiveIntermediates/ScannerSnap/IntermediateBuildFilesPath/ScannerSnap.build/Release-iphoneos/ScannerSnap.build/Base.lproj/LaunchScreen-SBPartialInfo.plist -additionalcontentfile /Users/runner/Library/Developer/Xcode/DerivedData/ScannerSnap-fjzdjswwgvbpvmdfdokcshcchpwn/Build/Intermediates.noindex/ArchiveIntermediates/ScannerSnap/IntermediateBuildFilesPath/ScannerSnap.build/Release-iphoneos/ScannerSnap.build/assetcatalog_generated_info.plist -requiredArchitecture arm64 -o /Users/runner/Library/Developer/Xcode/DerivedData/ScannerSnap-fjzdjswwgvbpvmdfdokcshcchpwn/Build/Intermediates.noindex/ArchiveIntermediates/ScannerSnap/InstallationBuildProductsLocation/Applications/ScannerSnap.app/Info.plist

SwiftExplicitDependencyGeneratePcm arm64 /Users/runner/Library/Developer/Xcode/DerivedData/ModuleCache.noindex/StoreKit-8F47VSHNHB3TSK9GMBE3VP82Z.pcm

SwiftExplicitDependencyGeneratePcm arm64 /Users/runner/Library/Developer/Xcode/DerivedData/ModuleCache.noindex/PDFKit-80M13SODHNPUMRZJ9WV52ZMCT.pcm

SwiftExplicitDependencyGeneratePcm arm64 /Users/runner/Library/Developer/Xcode/DerivedData/ModuleCache.noindex/WebKit-4558WC0EZARV96ZM2UM6HDLCH.pcm

SwiftExplicitDependencyGeneratePcm arm64 /Users/runner/Library/Developer/Xcode/DerivedData/ModuleCache.noindex/SwiftUI-35WLO3LENPATPT7555CRKKV66.pcm

SwiftExplicitDependencyGeneratePcm arm64 /Users/runner/Library/Developer/Xcode/DerivedData/ModuleCache.noindex/VisionKit-EQNBS1ERXUTD9QUCCHWDRMUMS.pcm

SwiftCompile normal arm64 Compiling\ MainTabView.swift,\ ScannerSnapApp.swift,\ Document.swift,\ DocumentManager.swift,\ SettingsManager.swift,\ CameraManager.swift,\ ColorExtension.swift,\ ShareManager.swift,\ TabBarModifier.swift,\ WebView.swift,\ CropView.swift,\ EditView.swift,\ ExportView.swift,\ FileDetailView.swift,\ FilesView.swift,\ FolderView.swift,\ HomeView.swift,\ AboutView.swift,\ ExportSettingsView.swift,\ SettingsView.swift,\ GeneratedAssetSymbols.swift /Users/runner/work/ScannerSnap/ScannerSnap/ScannerSnap/App/MainTabView.swift /Users/runner/work/ScannerSnap/ScannerSnap/ScannerSnap/App/ScannerSnapApp.swift /Users/runner/work/ScannerSnap/ScannerSnap/ScannerSnap/Models/Document.swift /Users/runner/work/ScannerSnap/ScannerSnap/ScannerSnap/Models/DocumentManager.swift /Users/runner/work/ScannerSnap/ScannerSnap/ScannerSnap/Models/SettingsManager.swift /Users/runner/work/ScannerSnap/ScannerSnap/ScannerSnap/Utils/CameraManager.swift /Users/runner/work/ScannerSnap/ScannerSnap/ScannerSnap/Utils/ColorExtension.swift /Users/runner/work/ScannerSnap/ScannerSnap/ScannerSnap/Utils/ShareManager.swift /Users/runner/work/ScannerSnap/ScannerSnap/ScannerSnap/Utils/TabBarModifier.swift /Users/runner/work/ScannerSnap/ScannerSnap/ScannerSnap/Utils/WebView.swift /Users/runner/work/ScannerSnap/ScannerSnap/ScannerSnap/Views/Edit/CropView.swift /Users/runner/work/ScannerSnap/ScannerSnap/ScannerSnap/Views/Edit/EditView.swift /Users/runner/work/ScannerSnap/ScannerSnap/ScannerSnap/Views/Edit/ExportView.swift /Users/runner/work/ScannerSnap/ScannerSnap/ScannerSnap/Views/Files/FileDetailView.swift /Users/runner/work/ScannerSnap/ScannerSnap/ScannerSnap/Views/Files/FilesView.swift /Users/runner/work/ScannerSnap/ScannerSnap/ScannerSnap/Views/Files/FolderView.swift /Users/runner/work/ScannerSnap/ScannerSnap/ScannerSnap/Views/Home/HomeView.swift /Users/runner/work/ScannerSnap/ScannerSnap/ScannerSnap/Views/Settings/AboutView.swift /Users/runner/work/ScannerSnap/ScannerSnap/ScannerSnap/Views/Settings/ExportSettingsView.swift /Users/runner/work/ScannerSnap/ScannerSnap/ScannerSnap/Views/Settings/SettingsView.swift /Users/runner/Library/Developer/Xcode/DerivedData/ScannerSnap-fjzdjswwgvbpvmdfdokcshcchpwn/Build/Intermediates.noindex/ArchiveIntermediates/ScannerSnap/IntermediateBuildFilesPath/ScannerSnap.build/Release-iphoneos/ScannerSnap.build/DerivedSources/GeneratedAssetSymbols.swift /Applications/Xcode_26.3.app/Contents/Developer/Toolchains/XcodeDefault.xctoolchain/usr/lib/swift/iphoneos/prebuilt-modules/26.2/_Concurrency.swiftmodule/arm64e-apple-ios.swiftmodule /Applications/Xcode_26.3.app/Contents/Developer/Toolchains/XcodeDefault.xctoolchain/usr/lib/swift/iphoneos/prebuilt-modules/26.2/CoreML.swiftmodule/arm64e-apple-ios.swiftmodule /Applications/Xcode_26.3.app/Contents/Developer/Toolchains/XcodeDefault.xctoolchain/usr/lib/swift/iphoneos/prebuilt-modules/26.2/AVFoundation.swiftmodule/arm64e-apple-ios.swiftmodule /Applications/Xcode_26.3.app/Contents/Developer/Toolchains/XcodeDefault.xctoolchain/usr/lib/swift/iphoneos/prebuilt-modules/26.2/_DarwinFoundation1.swiftmodule/arm64e-apple-ios.swiftmodule /Applications/Xcode_26.3.app/Contents/Developer/Toolchains/XcodeDefault.xctoolchain/usr/lib/swift/iphoneos/prebuilt-modules/26.2/Symbols.swiftmodule/arm64e-apple-ios.swiftmodule /Applications/Xcode_26.3.app/Contents/Developer/Toolchains/XcodeDefault.xctoolchain/usr/lib/swift/iphoneos/prebuilt-modules/26.2/CoreFoundation.swiftmodule/arm64e-apple-ios.swiftmodule /Applications/Xcode_26.3.app/Contents/Developer/Toolchains/XcodeDefault.xctoolchain/usr/lib/swift/iphoneos/prebuilt-modules/26.2/SwiftUI.swiftmodule/arm64e-apple-ios.swiftmodule /Applications/Xcode_26.3.app/Contents/Developer/Toolchains/XcodeDefault.xctoolchain/usr/lib/swift/iphoneos/prebuilt-modules/26.2/XPC.swiftmodule/arm64e-apple-ios.swiftmodule /Applications/Xcode_26.3.app/Contents/Developer/Toolchains/XcodeDefault.xctoolchain/usr/lib/swift/iphoneos/prebuilt-modules/26.2/os.swiftmodule/arm64e-apple-ios.swiftmodule /Applications/Xcode_26.3.app/Contents/Developer/Toolchains/XcodeDefault.xctoolchain/usr/lib/swift/iphoneos/prebuilt-modules/26.2/DataDetection.swiftmodule/arm64e-apple-ios.swiftmodule /Applications/Xcode_26.3.app/Contents/Developer/Toolchains/XcodeDefault.xctoolchain/usr/lib/swift/iphoneos/prebuilt-modules/26.2/CoreAudio.swiftmodule/arm64e-apple-ios.swiftmodule /Applications/Xcode_26.3.app/Contents/Developer/Toolchains/XcodeDefault.xctoolchain/usr/lib/swift/iphoneos/prebuilt-modules/26.2/SwiftUICore.swiftmodule/arm64e-apple-ios.swiftmodule /Applications/Xcode_26.3.app/Contents/Developer/Toolchains/XcodeDefault.xctoolchain/usr/lib/swift/iphoneos/prebuilt-modules/26.2/_Builtin_float.swiftmodule/arm64e-apple-ios.swiftmodule /Applications/Xcode_26.3.app/Contents/Developer/Toolchains/XcodeDefault.xctoolchain/usr/lib/swift/iphoneos/prebuilt-modules/26.2/_StringProcessing.swiftmodule/arm64e-apple-ios.swiftmodule /Applications/Xcode_26.3.app/Contents/Developer/Toolchains/XcodeDefault.xctoolchain/usr/lib/swift/iphoneos/prebuilt-modules/26.2/Photos.swiftmodule/arm64e-apple-ios.swiftmodule /Applications/Xcode_26.3.app/Contents/Developer/Toolchains/XcodeDefault.xctoolchain/usr/lib/swift/iphoneos/prebuilt-modules/26.2/CoreImage.swiftmodule/arm64e-apple-ios.swiftmodule /Applications/Xcode_26.3.app/Contents/Developer/Toolchains/XcodeDefault.xctoolchain/usr/lib/swift/iphoneos/prebuilt-modules/26.2/Observation.swiftmodule/arm64e-apple-ios.swiftmodule /Applications/Xcode_26.3.app/Contents/Developer/Toolchains/XcodeDefault.xctoolchain/usr/lib/swift/iphoneos/prebuilt-modules/26.2/CoreTransferable.swiftmodule/arm64e-apple-ios.swiftmodule /Applications/Xcode_26.3.app/Contents/Developer/Toolchains/XcodeDefault.xctoolchain/usr/lib/swift/iphoneos/prebuilt-modules/26.2/LocalAuthentication.swiftmodule/arm64e-apple-ios.swiftmodule /Applications/Xcode_26.3.app/Contents/Developer/Toolchains/XcodeDefault.xctoolchain/usr/lib/swift/iphoneos/prebuilt-modules/26.2/UIKit.swiftmodule/arm64e-apple-ios.swiftmodule /Applications/Xcode_26.3.app/Contents/Developer/Toolchains/XcodeDefault.xctoolchain/usr/lib/swift/iphoneos/prebuilt-modules/26.2/CoreLocation.swiftmodule/arm64e-apple-ios.swiftmodule /Applications/Xcode_26.3.app/Contents/Developer/Toolchains/XcodeDefault.xctoolchain/usr/lib/swift/iphoneos/prebuilt-modules/26.2/_WebKit_SwiftUI.swiftmodule/arm64e-apple-ios.swiftmodule /Applications/Xcode_26.3.app/Contents/Developer/Toolchains/XcodeDefault.xctoolchain/usr/lib/swift/iphoneos/prebuilt-modules/26.2/FileProvider.swiftmodule/arm64e-apple-ios.swiftmodule /Applications/Xcode_26.3.app/Contents/Developer/Toolchains/XcodeDefault.xctoolchain/usr/lib/swift/iphoneos/prebuilt-modules/26.2/Accessibility.swiftmodule/arm64e-apple-ios.swiftmodule /Applications/Xcode_26.3.app/Contents/Developer/Toolchains/XcodeDefault.xctoolchain/usr/lib/swift/iphoneos/prebuilt-modules/26.2/Accelerate.swiftmodule/arm64e-apple-ios.swiftmodule /Applications/Xcode_26.3.app/Contents/Developer/Toolchains/XcodeDefault.xctoolchain/usr/lib/swift/iphoneos/prebuilt-modules/26.2/PDFKit.swiftmodule/arm64e-apple-ios.swiftmodule /Applications/Xcode_26.3.app/Contents/Developer/Toolchains/XcodeDefault.xctoolchain/usr/lib/swift/iphoneos/prebuilt-modules/26.2/Vision.swiftmodule/arm64e-apple-ios.swiftmodule /Applications/Xcode_26.3.app/Contents/Developer/Toolchains/XcodeDefault.xctoolchain/usr/lib/swift/iphoneos/prebuilt-modules/26.2/System.swiftmodule/arm64e-apple-ios.swiftmodule /Applications/Xcode_26.3.app/Contents/Developer/Toolchains/XcodeDefault.xctoolchain/usr/lib/swift/iphoneos/prebuilt-modules/26.2/DeveloperToolsSupport.swiftmodule/arm64e-apple-ios.swiftmodule /Applications/Xcode_26.3.app/Contents/Developer/Toolchains/XcodeDefault.xctoolchain/usr/lib/swift/iphoneos/prebuilt-modules/26.2/QuartzCore.swiftmodule/arm64e-apple-ios.swiftmodule /Applications/Xcode_26.3.app/Contents/Developer/Toolchains/XcodeDefault.xctoolchain/usr/lib/swift/iphoneos/prebuilt-modules/26.2/VisionKit.swiftmodule/arm64e-apple-ios.swiftmodule /Applications/Xcode_26.3.app/Contents/Developer/Toolchains/XcodeDefault.xctoolchain/usr/lib/swift/iphoneos/prebuilt-modules/26.2/Foundation.swiftmodule/arm64e-apple-ios.swiftmodule /Applications/Xcode_26.3.app/Contents/Developer/Toolchains/XcodeDefault.xctoolchain/usr/lib/swift/iphoneos/prebuilt-modules/26.2/CoreText.swiftmodule/arm64e-apple-ios.swiftmodule /Applications/Xcode_26.3.app/Contents/Developer/Toolchains/XcodeDefault.xctoolchain/usr/lib/swift/iphoneos/prebuilt-modules/26.2/CryptoKit.swiftmodule/arm64e-apple-ios.swiftmodule /Applications/Xcode_26.3.app/Contents/Developer/Toolchains/XcodeDefault.xctoolchain/usr/lib/swift/iphoneos/prebuilt-modules/26.2/Dispatch.swiftmodule/arm64e-apple-ios.swiftmodule /Applications/Xcode_26.3.app/Contents/Developer/Toolchains/XcodeDefault.xctoolchain/usr/lib/swift/iphoneos/prebuilt-modules/26.2/CoreData.swiftmodule/arm64e-apple-ios.swiftmodule /Applications/Xcode_26.3.app/Contents/Developer/Toolchains/XcodeDefault.xctoolchain/usr/lib/swift/iphoneos/prebuilt-modules/26.2/UniformTypeIdentifiers.swiftmodule/arm64e-apple-ios.swiftmodule /Applications/Xcode_26.3.app/Contents/Developer/Toolchains/XcodeDefault.xctoolchain/usr/lib/swift/iphoneos/prebuilt-modules/26.2/Metal.swiftmodule/arm64e-apple-ios.swiftmodule /Applications/Xcode_26.3.app/Contents/Developer/Toolchains/XcodeDefault.xctoolchain/usr/lib/swift/iphoneos/prebuilt-modules/26.2/BackgroundAssets.swiftmodule/arm64e-apple-ios.swiftmodule /Applications/Xcode_26.3.app/Contents/Developer/Toolchains/XcodeDefault.xctoolchain/usr/lib/swift/iphoneos/prebuilt-modules/26.2/CoreMIDI.swiftmodule/arm64e-apple-ios.swiftmodule /Applications/Xcode_26.3.app/Contents/Developer/Toolchains/XcodeDefault.xctoolchain/usr/lib/swift/iphoneos/prebuilt-modules/26.2/Combine.swiftmodule/arm64e-apple-ios.swiftmodule /Applications/Xcode_26.3.app/Contents/Developer/Toolchains/XcodeDefault.xctoolchain/usr/lib/swift/iphoneos/prebuilt-modules/26.2/StoreKit.swiftmodule/arm64e-apple-ios.swiftmodule /Applications/Xcode_26.3.app/Contents/Developer/Toolchains/XcodeDefault.xctoolchain/usr/lib/swift/iphoneos/prebuilt-modules/26.2/WebKit.swiftmodule/arm64e-apple-ios.swiftmodule /Applications/Xcode_26.3.app/Contents/Developer/Toolchains/XcodeDefault.xctoolchain/usr/lib/swift/iphoneos/prebuilt-modules/26.2/Network.swiftmodule/arm64e-apple-ios.swiftmodule /Applications/Xcode_26.3.app/Contents/Developer/Toolchains/XcodeDefault.xctoolchain/usr/lib/swift/iphoneos/prebuilt-modules/26.2/_StoreKit_SwiftUI.swiftmodule/arm64e-apple-ios.swiftmodule /Applications/Xcode_26.3.app/Contents/Developer/Toolchains/XcodeDefault.xctoolchain/usr/lib/swift/iphoneos/prebuilt-modules/26.2/simd.swiftmodule/arm64e-apple-ios.swiftmodule /Applications/Xcode_26.3.app/Contents/Developer/Toolchains/XcodeDefault.xctoolchain/usr/lib/swift/iphoneos/prebuilt-modules/26.2/CoreVideo.swiftmodule/arm64e-apple-ios.swiftmodule /Applications/Xcode_26.3.app/Contents/Developer/Toolchains/XcodeDefault.xctoolchain/usr/lib/swift/iphoneos/prebuilt-modules/26.2/Synchronization.swiftmodule/arm64e-apple-ios.swiftmodule /Applications/Xcode_26.3.app/Contents/Developer/Toolchains/XcodeDefault.xctoolchain/usr/lib/swift/iphoneos/prebuilt-modules/26.2/Spatial.swiftmodule/arm64e-apple-ios.swiftmodule /Applications/Xcode_26.3.app/Contents/Developer/Toolchains/XcodeDefault.xctoolchain/usr/lib/swift/iphoneos/prebuilt-modules/26.2/Darwin.swiftmodule/arm64e-apple-ios.swiftmodule /Applications/Xcode_26.3.app/Contents/Developer/Toolchains/XcodeDefault.xctoolchain/usr/lib/swift/iphoneos/prebuilt-modules/26.2/AudioToolbox.swiftmodule/arm64e-apple-ios.swiftmodule /Applications/Xcode_26.3.app/Contents/Developer/Toolchains/XcodeDefault.xctoolchain/usr/lib/swift/iphoneos/prebuilt-modules/26.2/AVFAudio.swiftmodule/arm64e-apple-ios.swiftmodule /Applications/Xcode_26.3.app/Contents/Developer/Toolchains/XcodeDefault.xctoolchain/usr/lib/swift/iphoneos/prebuilt-modules/26.2/CoreGraphics.swiftmodule/arm64e-apple-ios.swiftmodule /Applications/Xcode_26.3.app/Contents/Developer/Toolchains/XcodeDefault.xctoolchain/usr/lib/swift/iphoneos/prebuilt-modules/26.2/Distributed.swiftmodule/arm64e-apple-ios.swiftmodule /Applications/Xcode_26.3.app/Contents/Developer/Toolchains/XcodeDefault.xctoolchain/usr/lib/swift/iphoneos/prebuilt-modules/26.2/ExtensionFoundation.swiftmodule/arm64e-apple-ios.swiftmodule /Applications/Xcode_26.3.app/Contents/Developer/Toolchains/XcodeDefault.xctoolchain/usr/lib/swift/iphoneos/prebuilt-modules/26.2/ObjectiveC.swiftmodule/arm64e-apple-ios.swiftmodule /Applications/Xcode_26.3.app/Contents/Developer/Toolchains/XcodeDefault.xctoolchain/usr/lib/swift/iphoneos/prebuilt-modules/26.2/OSLog.swiftmodule/arm64e-apple-ios.swiftmodule /Applications/Xcode_26.3.app/Contents/Developer/Toolchains/XcodeDefault.xctoolchain/usr/lib/swift/iphoneos/prebuilt-modules/26.2/_DarwinFoundation2.swiftmodule/arm64e-apple-ios.swiftmodule /Applications/Xcode_26.3.app/Contents/Developer/Toolchains/XcodeDefault.xctoolchain/usr/lib/swift/iphoneos/prebuilt-modules/26.2/_DarwinFoundation3.swiftmodule/arm64e-apple-ios.swiftmodule /Applications/Xcode_26.3.app/Contents/Developer/Toolchains/XcodeDefault.xctoolchain/usr/lib/swift/iphoneos/prebuilt-modules/26.2/Swift.swiftmodule/arm64e-apple-ios.swiftmodule /Applications/Xcode_26.3.app/Contents/Developer/Toolchains/XcodeDefault.xctoolchain/usr/lib/swift/iphoneos/prebuilt-modules/26.2/CoreMedia.swiftmodule/arm64e-apple-ios.swiftmodule /Users/runner/Library/Developer/Xcode/DerivedData/ModuleCache.noindex/_StoreKit_SwiftUI-1T7X346OILNGBZAAEVX8SSJLU.pcm /Users/runner/Library/Developer/Xcode/DerivedData/ModuleCache.noindex/CoreMedia-6N9DTZ3Q28F14GWRS2XJT3D41.pcm /Users/runner/Library/Developer/Xcode/DerivedData/ModuleCache.noindex/sys_types-E69JO91901MPSX468XXSJ0DWA.pcm /Users/runner/Library/Developer/Xcode/DerivedData/ModuleCache.noindex/SwiftShims-36L5TMN9OUCLA1P8DKJP9RN6Y.pcm /Users/runner/Library/Developer/Xcode/DerivedData/ModuleCache.noindex/CoreFoundation-3215T7Y2FPISGZJV8Y4WBJTG5.pcm /Users/runner/Library/Developer/Xcode/DerivedData/ModuleCache.noindex/ObjectiveC-5TQAA2KKN8UV2ABL3ZGXO1F8F.pcm /Users/runner/Library/Developer/Xcode/DerivedData/ModuleCache.noindex/DeveloperToolsSupport-91M3588X5I450EVJX866G6F37.pcm /Users/runner/Library/Developer/Xcode/DerivedData/ModuleCache.noindex/CoreVideo-71NZJPXNJCTVI17O2717FGKG7.pcm /Users/runner/Library/Developer/Xcode/DerivedData/ModuleCache.noindex/DataDetection-39C62IC8HT924M4AAX26RK9RF.pcm /Users/runner/Library/Developer/Xcode/DerivedData/ModuleCache.noindex/ImageIO-2PE3RSN3EQDR8AB492WCV5KVO.pcm /Users/runner/Library/Developer/Xcode/DerivedData/ModuleCache.noindex/WebKit-4558WC0EZARV96ZM2UM6HDLCH.pcm /Users/runner/Library/Developer/Xcode/DerivedData/ModuleCache.noindex/simd-BC09T05ZBP4J6AQ2DW5YSDFJF.pcm /Users/runner/Library/Developer/Xcode/DerivedData/ModuleCache.noindex/CoreMIDI-59M3GLKLQKF9378AHWLCKTCJ7.pcm /Users/runner/Library/Developer/Xcode/DerivedData/ModuleCache.noindex/Dispatch-X3CFGJJVQX83YULHXU36K3X3.pcm /Users/runner/Library/Developer/Xcode/DerivedData/ModuleCache.noindex/AVRouting-ABXJG2DVXNXPTOWNFCJ15ZA61.pcm /Users/runner/Library/Developer/Xcode/DerivedData/ModuleCache.noindex/SwiftUICore-5YI9C02NF3MHQBWW995K6KLE7.pcm /Users/runner/Library/Developer/Xcode/DerivedData/ModuleCache.noindex/Darwin-32VBULM4JKW7F2LRJOYBITGQ2.pcm /Users/runner/Library/Developer/Xcode/DerivedData/ModuleCache.noindex/_Builtin_float-6Q04N3WJW42GZHXGGCGCMO3V5.pcm /Users/runner/Library/Developer/Xcode/DerivedData/ModuleCache.noindex/_DarwinFoundation3-D40WAL051S54GZJ60Z168IDIJ.pcm /Users/runner/Library/Developer/Xcode/DerivedData/ModuleCache.noindex/Spatial-AVALRA07WHT5QQA2UCIN30PPY.pcm /Users/runner/Library/Developer/Xcode/DerivedData/ModuleCache.noindex/_Builtin_stdatomic-3WK2Z71TFBQKU6QB4L36DE6DC.pcm /Users/runner/Library/Developer/Xcode/DerivedData/ModuleCache.noindex/Network-B9JLTSOQBY04TPX89YOYEDA9W.pcm /Users/runner/Library/Developer/Xcode/DerivedData/ModuleCache.noindex/CoreAudioTypes-37I3J0UPJN8F5N1ZML6I4G9BO.pcm /Users/runner/Library/Developer/Xcode/DerivedData/ModuleCache.noindex/Photos-4JJQS82U1VPH87RKGZSFU5X8V.pcm /Users/runner/Library/Developer/Xcode/DerivedData/ModuleCache.noindex/UIKit-EDFPHR8P79JGOAZWB9FIQRHYR.pcm /Users/runner/Library/Developer/Xcode/DerivedData/ModuleCache.noindex/ExtensionFoundation-KBUSF8XO2NYC7SINEFMXG81H.pcm /Users/runner/Library/Developer/Xcode/DerivedData/ModuleCache.noindex/AVFAudio-1EY9IPUZLAM12MRW47Q9FI499.pcm /Users/runner/Library/Developer/Xcode/DerivedData/ModuleCache.noindex/os_object-4HBEW84IMG0SV75KWBGF0RPAH.pcm /Users/runner/Library/Developer/Xcode/DerivedData/ModuleCache.noindex/Foundation-4I2YB51NCVN7PIQ9SOQ65EFCQ.pcm /Users/runner/Library/Developer/Xcode/DerivedData/ModuleCache.noindex/AVFoundation-CSEOVNEZ793E6KJQMA0U0S8QV.pcm /Users/runner/Library/Developer/Xcode/DerivedData/ModuleCache.noindex/IOSurface-EITNWS6CD8MHQPUNBQ8E33QS2.pcm /Users/runner/Library/Developer/Xcode/DerivedData/ModuleCache.noindex/CoreGraphics-2UONO584T1RSNICGD46TTIMWI.pcm /Users/runner/Library/Developer/Xcode/DerivedData/ModuleCache.noindex/MachO-XF793000230WFAGL2MUFO2LC.pcm /Users/runner/Library/Developer/Xcode/DerivedData/ModuleCache.noindex/QuartzCore-G4VI6MQNGAJ23I08R68TFRFW.pcm /Users/runner/Library/Developer/Xcode/DerivedData/ModuleCache.noindex/Metal-67AOBAU2YZN7OR2TPYHC4AGG9.pcm /Users/runner/Library/Developer/Xcode/DerivedData/ModuleCache.noindex/UniformTypeIdentifiers-3NK19WQD8IY7TNM619XIF67X7.pcm /Users/runner/Library/Developer/Xcode/DerivedData/ModuleCache.noindex/MediaToolbox-8P3BWOJONFUNFC4BAFTXD41G8.pcm /Users/runner/Library/Developer/Xcode/DerivedData/ModuleCache.noindex/_Builtin_stdint-4ZBGKR1WDBRDOEE3FG0E90DW4.pcm /Users/runner/Library/Developer/Xcode/DerivedData/ModuleCache.noindex/dnssd-6X08POFDPHALJE4IWLODPAJ27.pcm /Users/runner/Library/Developer/Xcode/DerivedData/ModuleCache.noindex/ptrauth-1Y82ZI8JJINRN1FZ63K8V9FEN.pcm /Users/runner/Library/Developer/Xcode/DerivedData/ModuleCache.noindex/BackgroundAssets-B6CAMOIX9VY5VPNZTJCK245ZV.pcm /Users/runner/Library/Developer/Xcode/DerivedData/ModuleCache.noindex/Security-3XET3X1ZVNYOYNNVCH81T0HFO.pcm /Users/runner/Library/Developer/Xcode/DerivedData/ModuleCache.noindex/CoreImage-BR89QKJ2INPTAV28N88H0K43K.pcm /Users/runner/Library/Developer/Xcode/DerivedData/ModuleCache.noindex/_DarwinFoundation2-1KT0N7QVJW9SSDL0IT59PIDTQ.pcm /Users/runner/Library/Developer/Xcode/DerivedData/ModuleCache.noindex/XPC-89K375CHT9XZ8PGOT4UQAWR3.pcm /Users/runner/Library/Developer/Xcode/DerivedData/ModuleCache.noindex/os-2LE86AEK2RRCEWX1Q6Q5FMR7L.pcm /Users/runner/Library/Developer/Xcode/DerivedData/ModuleCache.noindex/_Builtin_tgmath-1TUS3D6GAQO0OXTADD9NGJMDW.pcm /Users/runner/Library/Developer/Xcode/DerivedData/ModuleCache.noindex/_DarwinFoundation1-AXAK9ONW7IKCKKQ7MHOZIUP92.pcm /Users/runner/Library/Developer/Xcode/DerivedData/ModuleCache.noindex/StoreKit-8F47VSHNHB3TSK9GMBE3VP82Z.pcm /Users/runner/Library/Developer/Xcode/DerivedData/ModuleCache.noindex/os_workgroup-9SJQPIK7APJMRV158BIKQV99U.pcm /Users/runner/Library/Developer/Xcode/DerivedData/ModuleCache.noindex/_Builtin_intrinsics-DJ6QEK45NQG9PH3GWW33QL5IU.pcm /Users/runner/Library/Developer/Xcode/DerivedData/ModuleCache.noindex/Vision-6BY3R1O650XAWLI6TEB7D5D68.pcm /Users/runner/Library/Developer/Xcode/DerivedData/ModuleCache.noindex/Accelerate-9AODM93B14847IIX27PRCXIEJ.pcm /Users/runner/Library/Developer/Xcode/DerivedData/ModuleCache.noindex/ptrcheck-4B75TA49T7YAARX5JSPE1KZDM.pcm /Users/runner/Library/Developer/Xcode/DerivedData/ModuleCache.noindex/CoreML-1AZC1A75U33R10CUNTI338ID6.pcm /Users/runner/Library/Developer/Xcode/DerivedData/ModuleCache.noindex/_Builtin_stdarg-3UADYY6JF9BGYXF2W3DEH9JXO.pcm /Users/runner/Library/Developer/Xcode/DerivedData/ModuleCache.noindex/SwiftUI-35WLO3LENPATPT7555CRKKV66.pcm /Users/runner/Library/Developer/Xcode/DerivedData/ModuleCache.noindex/UIUtilities-8DB0XC5PDFUF6Y05HP9HFX70I.pcm /Users/runner/Library/Developer/Xcode/DerivedData/ModuleCache.noindex/CoreLocation-EK5HV73ZA0L5M9GKBO2IBY40K.pcm /Users/runner/Library/Developer/Xcode/DerivedData/ModuleCache.noindex/CoreText-ASW4JYHOHBTNI9Z1ZJFI18ZJX.pcm /Users/runner/Library/Developer/Xcode/DerivedData/ModuleCache.noindex/FileProvider-14568SSUIUX0NM03XVN13MM7N.pcm /Users/runner/Library/Developer/Xcode/DerivedData/ModuleCache.noindex/CoreTransferable-F4WNIHYYM49DYNGR39KCJNUHV.pcm /Users/runner/Library/Developer/Xcode/DerivedData/ModuleCache.noindex/CoreAudio-39J0NGEL7YX2SMOFXZTWIROOZ.pcm /Users/runner/Library/Developer/Xcode/DerivedData/ModuleCache.noindex/_Builtin_limits-9C4XWF56YW5VJNE462XX3S291.pcm /Users/runner/Library/Developer/Xcode/DerivedData/ModuleCache.noindex/LocalAuthentication-AAGAF3KAMC1OIQ92O0SA543OB.pcm /Users/runner/Library/Developer/Xcode/DerivedData/ModuleCache.noindex/CFNetwork-E0B0K6S63NRFXUCN0I248J3I1.pcm /Users/runner/Library/Developer/Xcode/DerivedData/ModuleCache.noindex/VisionKit-EQNBS1ERXUTD9QUCCHWDRMUMS.pcm /Users/runner/Library/Developer/Xcode/DerivedData/ModuleCache.noindex/_AvailabilityInternal-B2MJT460RPZK6C0PMHF3AYFHD.pcm /Users/runner/Library/Developer/Xcode/DerivedData/ModuleCache.noindex/Symbols-1OMEYTK0D02NE3NWLO9SNQLOB.pcm /Users/runner/Library/Developer/Xcode/DerivedData/ModuleCache.noindex/_SwiftConcurrencyShims-ET20BZ6W4R0387G36PO1KXMLT.pcm /Users/runner/Library/Developer/Xcode/DerivedData/ModuleCache.noindex/_Builtin_stddef-D56B3AOPZILRV5RY4Z7BMDOSL.pcm /Users/runner/Library/Developer/Xcode/DerivedData/ModuleCache.noindex/_Builtin_inttypes-ASOK1VH4JJGAVQVC810HI7EMV.pcm /Users/runner/Library/Developer/Xcode/DerivedData/ModuleCache.noindex/UserNotifications-12M6M0ALNKFG8Y2N3JC30RDHG.pcm /Users/runner/Library/Developer/Xcode/DerivedData/ModuleCache.noindex/CoreData-BPKV9QIGKFE3W18LLZW84WBW4.pcm /Users/runner/Library/Developer/Xcode/DerivedData/ModuleCache.noindex/Accessibility-7LEZIECK08G19RZT5RG2DPKBJ.pcm /Users/runner/Library/Developer/Xcode/DerivedData/ModuleCache.noindex/_Builtin_stdbool-E4PO5GYSXQ6FUD9MW336XM8CW.pcm /Users/runner/Library/Developer/Xcode/DerivedData/ModuleCache.noindex/OSLog-5XPW98X3CH9B5HGSBSNWIPMSG.pcm /Users/runner/Library/Developer/Xcode/DerivedData/ModuleCache.noindex/PDFKit-80M13SODHNPUMRZJ9WV52ZMCT.pcm /Users/runner/Library/Developer/Xcode/DerivedData/ModuleCache.noindex/_LocationEssentials-1VO5GDVADOMSYJ8Z8DSEWBWI2.pcm /Users/runner/Library/Developer/Xcode/DerivedData/ModuleCache.noindex/OpenGLES-5BVFD2P8FW75C0D3OOF1NTSHT.pcm /Users/runner/Library/Developer/Xcode/DerivedData/ModuleCache.noindex/AudioToolbox-7DCGNBXVIZY73XMPP2DARH5TF.pcm /Users/runner/Library/Developer/Xcode/DerivedData/ScannerSnap-fjzdjswwgvbpvmdfdokcshcchpwn/Build/Intermediates.noindex/ArchiveIntermediates/ScannerSnap/IntermediateBuildFilesPath/ScannerSnap.build/Release-iphoneos/ScannerSnap.build/Objects-normal/arm64/ScannerSnap-dependencies-1.json (in target 'ScannerSnap' from project 'ScannerSnap')

CompileSwift normal arm64 (in target 'ScannerSnap' from project 'ScannerSnap')
    cd /Users/runner/work/ScannerSnap/ScannerSnap
    

SwiftDriverJobDiscovery normal arm64 Compiling MainTabView.swift, ScannerSnapApp.swift, Document.swift, DocumentManager.swift, SettingsManager.swift, CameraManager.swift, ColorExtension.swift, ShareManager.swift, TabBarModifier.swift, WebView.swift, CropView.swift, EditView.swift, ExportView.swift, FileDetailView.swift, FilesView.swift, FolderView.swift, HomeView.swift, AboutView.swift, ExportSettingsView.swift, SettingsView.swift, GeneratedAssetSymbols.swift (in target 'ScannerSnap' from project 'ScannerSnap')

SwiftDriver\ Compilation\ Requirements ScannerSnap normal arm64 com.apple.xcode.tools.swift.compiler (in target 'ScannerSnap' from project 'ScannerSnap')
    cd /Users/runner/work/ScannerSnap/ScannerSnap
    builtin-Swift-Compilation-Requirements -- /Applications/Xcode_26.3.app/Contents/Developer/Toolchains/XcodeDefault.xctoolchain/usr/bin/swiftc -module-name ScannerSnap -O -whole-module-optimization -enforce-exclusivity\=checked @/Users/runner/Library/Developer/Xcode/DerivedData/ScannerSnap-fjzdjswwgvbpvmdfdokcshcchpwn/Build/Intermediates.noindex/ArchiveIntermediates/ScannerSnap/IntermediateBuildFilesPath/ScannerSnap.build/Release-iphoneos/ScannerSnap.build/Objects-normal/arm64/ScannerSnap.SwiftFileList -enable-bare-slash-regex -enable-experimental-feature DebugDescriptionMacro -sdk /Applications/Xcode_26.3.app/Contents/Developer/Platforms/iPhoneOS.platform/Developer/SDKs/iPhoneOS26.2.sdk -target arm64-apple-ios15.0 -g -module-cache-path /Users/runner/Library/Developer/Xcode/DerivedData/ModuleCache.noindex -Xfrontend -serialize-debugging-options -swift-version 5 -I /Users/runner/Library/Developer/Xcode/DerivedData/ScannerSnap-fjzdjswwgvbpvmdfdokcshcchpwn/Build/Intermediates.noindex/ArchiveIntermediates/ScannerSnap/BuildProductsPath/Release-iphoneos -F /Users/runner/Library/Developer/Xcode/DerivedData/ScannerSnap-fjzdjswwgvbpvmdfdokcshcchpwn/Build/Intermediates.noindex/ArchiveIntermediates/ScannerSnap/BuildProductsPath/Release-iphoneos -F /Users/runner/work/ScannerSnap/ScannerSnap/Pods/UMCommon/UMCommon_7.5.10 -F /Users/runner/work/ScannerSnap/ScannerSnap/Pods/UMDevice/UMDevice_3.5.0 -F /Users/runner/Library/Developer/Xcode/DerivedData/ScannerSnap-fjzdjswwgvbpvmdfdokcshcchpwn/Build/Intermediates.noindex/ArchiveIntermediates/ScannerSnap/BuildProductsPath/Release-iphoneos/XCFrameworkIntermediates/UMCommon -F /Users/runner/Library/Developer/Xcode/DerivedData/ScannerSnap-fjzdjswwgvbpvmdfdokcshcchpwn/Build/Intermediates.noindex/ArchiveIntermediates/ScannerSnap/BuildProductsPath/Release-iphoneos/XCFrameworkIntermediates/UMDevice -emit-localized-strings -emit-localized-strings-path /Users/runner/Library/Developer/Xcode/DerivedData/ScannerSnap-fjzdjswwgvbpvmdfdokcshcchpwn/Build/Intermediates.noindex/ArchiveIntermediates/ScannerSnap/IntermediateBuildFilesPath/ScannerSnap.build/Release-iphoneos/ScannerSnap.build/Objects-normal/arm64 -c -num-threads 3 -Xcc -ivfsstatcache -Xcc /Users/runner/Library/Developer/Xcode/DerivedData/SDKStatCaches.noindex/iphoneos26.2-23C57-dc75598d0054f22ec865fa860f139d722dd23b4ebda140f7210d155ff1243552.sdkstatcache -output-file-map /Users/runner/Library/Developer/Xcode/DerivedData/ScannerSnap-fjzdjswwgvbpvmdfdokcshcchpwn/Build/Intermediates.noindex/ArchiveIntermediates/ScannerSnap/IntermediateBuildFilesPath/ScannerSnap.build/Release-iphoneos/ScannerSnap.build/Objects-normal/arm64/ScannerSnap-OutputFileMap.json -use-frontend-parseable-output -save-temps -no-color-diagnostics -explicit-module-build -module-cache-path /Users/runner/Library/Developer/Xcode/DerivedData/ScannerSnap-fjzdjswwgvbpvmdfdokcshcchpwn/Build/Intermediates.noindex/ArchiveIntermediates/ScannerSnap/IntermediateBuildFilesPath/SwiftExplicitPrecompiledModules -clang-scanner-module-cache-path /Users/runner/Library/Developer/Xcode/DerivedData/ModuleCache.noindex -sdk-module-cache-path /Users/runner/Library/Developer/Xcode/DerivedData/ModuleCache.noindex -serialize-diagnostics -emit-dependencies -emit-module -emit-module-path /Users/runner/Library/Developer/Xcode/DerivedData/ScannerSnap-fjzdjswwgvbpvmdfdokcshcchpwn/Build/Intermediates.noindex/ArchiveIntermediates/ScannerSnap/IntermediateBuildFilesPath/ScannerSnap.build/Release-iphoneos/ScannerSnap.build/Objects-normal/arm64/ScannerSnap.swiftmodule -validate-clang-modules-once -clang-build-session-file /Users/runner/Library/Developer/Xcode/DerivedData/ModuleCache.noindex/Session.modulevalidation -Xcc -I/Users/runner/Library/Developer/Xcode/DerivedData/ScannerSnap-fjzdjswwgvbpvmdfdokcshcchpwn/Build/Intermediates.noindex/ArchiveIntermediates/ScannerSnap/IntermediateBuildFilesPath/ScannerSnap.build/Release-iphoneos/ScannerSnap.build/swift-overrides.hmap -emit-const-values -Xfrontend -const-gather-protocols-file -Xfrontend /Users/runner/Library/Developer/Xcode/DerivedData/ScannerSnap-fjzdjswwgvbpvmdfdokcshcchpwn/Build/Intermediates.noindex/ArchiveIntermediates/ScannerSnap/IntermediateBuildFilesPath/ScannerSnap.build/Release-iphoneos/ScannerSnap.build/Objects-normal/arm64/ScannerSnap_const_extract_protocols.json -Xcc -iquote -Xcc /Users/runner/Library/Developer/Xcode/DerivedData/ScannerSnap-fjzdjswwgvbpvmdfdokcshcchpwn/Build/Intermediates.noindex/ArchiveIntermediates/ScannerSnap/IntermediateBuildFilesPath/ScannerSnap.build/Release-iphoneos/ScannerSnap.build/ScannerSnap-generated-files.hmap -Xcc -I/Users/runner/Library/Developer/Xcode/DerivedData/ScannerSnap-fjzdjswwgvbpvmdfdokcshcchpwn/Build/Intermediates.noindex/ArchiveIntermediates/ScannerSnap/IntermediateBuildFilesPath/ScannerSnap.build/Release-iphoneos/ScannerSnap.build/ScannerSnap-own-target-headers.hmap -Xcc -I/Users/runner/Library/Developer/Xcode/DerivedData/ScannerSnap-fjzdjswwgvbpvmdfdokcshcchpwn/Build/Intermediates.noindex/ArchiveIntermediates/ScannerSnap/IntermediateBuildFilesPath/ScannerSnap.build/Release-iphoneos/ScannerSnap.build/ScannerSnap-all-non-framework-target-headers.hmap -Xcc -ivfsoverlay -Xcc /Users/runner/Library/Developer/Xcode/DerivedData/ScannerSnap-fjzdjswwgvbpvmdfdokcshcchpwn/Build/Intermediates.noindex/ArchiveIntermediates/ScannerSnap/IntermediateBuildFilesPath/ScannerSnap.build/Release-iphoneos/ScannerSnap-16b25ce42712510a9f3ca4d8f3f39dcf-VFS-iphoneos/all-product-headers.yaml -Xcc -iquote -Xcc /Users/runner/Library/Developer/Xcode/DerivedData/ScannerSnap-fjzdjswwgvbpvmdfdokcshcchpwn/Build/Intermediates.noindex/ArchiveIntermediates/ScannerSnap/IntermediateBuildFilesPath/ScannerSnap.build/Release-iphoneos/ScannerSnap.build/ScannerSnap-project-headers.hmap -Xcc -I/Users/runner/Library/Developer/Xcode/DerivedData/ScannerSnap-fjzdjswwgvbpvmdfdokcshcchpwn/Build/Intermediates.noindex/ArchiveIntermediates/ScannerSnap/BuildProductsPath/Release-iphoneos/include -Xcc -I/Users/runner/Library/Developer/Xcode/DerivedData/ScannerSnap-fjzdjswwgvbpvmdfdokcshcchpwn/Build/Intermediates.noindex/ArchiveIntermediates/ScannerSnap/IntermediateBuildFilesPath/ScannerSnap.build/Release-iphoneos/ScannerSnap.build/DerivedSources-normal/arm64 -Xcc -I/Users/runner/Library/Developer/Xcode/DerivedData/ScannerSnap-fjzdjswwgvbpvmdfdokcshcchpwn/Build/Intermediates.noindex/ArchiveIntermediates/ScannerSnap/IntermediateBuildFilesPath/ScannerSnap.build/Release-iphoneos/ScannerSnap.build/DerivedSources/arm64 -Xcc -I/Users/runner/Library/Developer/Xcode/DerivedData/ScannerSnap-fjzdjswwgvbpvmdfdokcshcchpwn/Build/Intermediates.noindex/ArchiveIntermediates/ScannerSnap/IntermediateBuildFilesPath/ScannerSnap.build/Release-iphoneos/ScannerSnap.build/DerivedSources -Xcc -DCOCOAPODS\=1 -emit-objc-header -emit-objc-header-path /Users/runner/Library/Developer/Xcode/DerivedData/ScannerSnap-fjzdjswwgvbpvmdfdokcshcchpwn/Build/Intermediates.noindex/ArchiveIntermediates/ScannerSnap/IntermediateBuildFilesPath/ScannerSnap.build/Release-iphoneos/ScannerSnap.build/Objects-normal/arm64/ScannerSnap-Swift.h -working-directory /Users/runner/work/ScannerSnap/ScannerSnap -no-emit-module-separately-wmo

SwiftMergeGeneratedHeaders /Users/runner/Library/Developer/Xcode/DerivedData/ScannerSnap-fjzdjswwgvbpvmdfdokcshcchpwn/Build/Intermediates.noindex/ArchiveIntermediates/ScannerSnap/IntermediateBuildFilesPath/ScannerSnap.build/Release-iphoneos/ScannerSnap.build/DerivedSources/ScannerSnap-Swift.h /Users/runner/Library/Developer/Xcode/DerivedData/ScannerSnap-fjzdjswwgvbpvmdfdokcshcchpwn/Build/Intermediates.noindex/ArchiveIntermediates/ScannerSnap/IntermediateBuildFilesPath/ScannerSnap.build/Release-iphoneos/ScannerSnap.build/Objects-normal/arm64/ScannerSnap-Swift.h (in target 'ScannerSnap' from project 'ScannerSnap')
    cd /Users/runner/work/ScannerSnap/ScannerSnap
    builtin-swiftHeaderTool -arch arm64 /Users/runner/Library/Developer/Xcode/DerivedData/ScannerSnap-fjzdjswwgvbpvmdfdokcshcchpwn/Build/Intermediates.noindex/ArchiveIntermediates/ScannerSnap/IntermediateBuildFilesPath/ScannerSnap.build/Release-iphoneos/ScannerSnap.build/Objects-normal/arm64/ScannerSnap-Swift.h -o /Users/runner/Library/Developer/Xcode/DerivedData/ScannerSnap-fjzdjswwgvbpvmdfdokcshcchpwn/Build/Intermediates.noindex/ArchiveIntermediates/ScannerSnap/IntermediateBuildFilesPath/ScannerSnap.build/Release-iphoneos/ScannerSnap.build/DerivedSources/ScannerSnap-Swift.h

Copy /Users/runner/Library/Developer/Xcode/DerivedData/ScannerSnap-fjzdjswwgvbpvmdfdokcshcchpwn/Build/Intermediates.noindex/ArchiveIntermediates/ScannerSnap/BuildProductsPath/Release-iphoneos/ScannerSnap.swiftmodule/arm64-apple-ios.swiftdoc /Users/runner/Library/Developer/Xcode/DerivedData/ScannerSnap-fjzdjswwgvbpvmdfdokcshcchpwn/Build/Intermediates.noindex/ArchiveIntermediates/ScannerSnap/IntermediateBuildFilesPath/ScannerSnap.build/Release-iphoneos/ScannerSnap.build/Objects-normal/arm64/ScannerSnap.swiftdoc (in target 'ScannerSnap' from project 'ScannerSnap')
    cd /Users/runner/work/ScannerSnap/ScannerSnap
    builtin-copy -exclude .DS_Store -exclude CVS -exclude .svn -exclude .git -exclude .hg -resolve-src-symlinks -rename /Users/runner/Library/Developer/Xcode/DerivedData/ScannerSnap-fjzdjswwgvbpvmdfdokcshcchpwn/Build/Intermediates.noindex/ArchiveIntermediates/ScannerSnap/IntermediateBuildFilesPath/ScannerSnap.build/Release-iphoneos/ScannerSnap.build/Objects-normal/arm64/ScannerSnap.swiftdoc /Users/runner/Library/Developer/Xcode/DerivedData/ScannerSnap-fjzdjswwgvbpvmdfdokcshcchpwn/Build/Intermediates.noindex/ArchiveIntermediates/ScannerSnap/BuildProductsPath/Release-iphoneos/ScannerSnap.swiftmodule/arm64-apple-ios.swiftdoc

Copy /Users/runner/Library/Developer/Xcode/DerivedData/ScannerSnap-fjzdjswwgvbpvmdfdokcshcchpwn/Build/Intermediates.noindex/ArchiveIntermediates/ScannerSnap/BuildProductsPath/Release-iphoneos/ScannerSnap.swiftmodule/arm64-apple-ios.swiftmodule /Users/runner/Library/Developer/Xcode/DerivedData/ScannerSnap-fjzdjswwgvbpvmdfdokcshcchpwn/Build/Intermediates.noindex/ArchiveIntermediates/ScannerSnap/IntermediateBuildFilesPath/ScannerSnap.build/Release-iphoneos/ScannerSnap.build/Objects-normal/arm64/ScannerSnap.swiftmodule (in target 'ScannerSnap' from project 'ScannerSnap')
    cd /Users/runner/work/ScannerSnap/ScannerSnap
    builtin-copy -exclude .DS_Store -exclude CVS -exclude .svn -exclude .git -exclude .hg -resolve-src-symlinks -rename /Users/runner/Library/Developer/Xcode/DerivedData/ScannerSnap-fjzdjswwgvbpvmdfdokcshcchpwn/Build/Intermediates.noindex/ArchiveIntermediates/ScannerSnap/IntermediateBuildFilesPath/ScannerSnap.build/Release-iphoneos/ScannerSnap.build/Objects-normal/arm64/ScannerSnap.swiftmodule /Users/runner/Library/Developer/Xcode/DerivedData/ScannerSnap-fjzdjswwgvbpvmdfdokcshcchpwn/Build/Intermediates.noindex/ArchiveIntermediates/ScannerSnap/BuildProductsPath/Release-iphoneos/ScannerSnap.swiftmodule/arm64-apple-ios.swiftmodule

Copy /Users/runner/Library/Developer/Xcode/DerivedData/ScannerSnap-fjzdjswwgvbpvmdfdokcshcchpwn/Build/Intermediates.noindex/ArchiveIntermediates/ScannerSnap/BuildProductsPath/Release-iphoneos/ScannerSnap.swiftmodule/arm64-apple-ios.abi.json /Users/runner/Library/Developer/Xcode/DerivedData/ScannerSnap-fjzdjswwgvbpvmdfdokcshcchpwn/Build/Intermediates.noindex/ArchiveIntermediates/ScannerSnap/IntermediateBuildFilesPath/ScannerSnap.build/Release-iphoneos/ScannerSnap.build/Objects-normal/arm64/ScannerSnap.abi.json (in target 'ScannerSnap' from project 'ScannerSnap')
    cd /Users/runner/work/ScannerSnap/ScannerSnap
    builtin-copy -exclude .DS_Store -exclude CVS -exclude .svn -exclude .git -exclude .hg -resolve-src-symlinks -rename /Users/runner/Library/Developer/Xcode/DerivedData/ScannerSnap-fjzdjswwgvbpvmdfdokcshcchpwn/Build/Intermediates.noindex/ArchiveIntermediates/ScannerSnap/IntermediateBuildFilesPath/ScannerSnap.build/Release-iphoneos/ScannerSnap.build/Objects-normal/arm64/ScannerSnap.abi.json /Users/runner/Library/Developer/Xcode/DerivedData/ScannerSnap-fjzdjswwgvbpvmdfdokcshcchpwn/Build/Intermediates.noindex/ArchiveIntermediates/ScannerSnap/BuildProductsPath/Release-iphoneos/ScannerSnap.swiftmodule/arm64-apple-ios.abi.json

Ld /Users/runner/Library/Developer/Xcode/DerivedData/ScannerSnap-fjzdjswwgvbpvmdfdokcshcchpwn/Build/Intermediates.noindex/ArchiveIntermediates/ScannerSnap/InstallationBuildProductsLocation/Applications/ScannerSnap.app/ScannerSnap normal (in target 'ScannerSnap' from project 'ScannerSnap')
    cd /Users/runner/work/ScannerSnap/ScannerSnap
    /Applications/Xcode_26.3.app/Contents/Developer/Toolchains/XcodeDefault.xctoolchain/usr/bin/clang -Xlinker -reproducible -target arm64-apple-ios15.0 -isysroot /Applications/Xcode_26.3.app/Contents/Developer/Platforms/iPhoneOS.platform/Developer/SDKs/iPhoneOS26.2.sdk -Os -L/Users/runner/Library/Developer/Xcode/DerivedData/ScannerSnap-fjzdjswwgvbpvmdfdokcshcchpwn/Build/Intermediates.noindex/ArchiveIntermediates/ScannerSnap/IntermediateBuildFilesPath/EagerLinkingTBDs/Release-iphoneos -L/Users/runner/Library/Developer/Xcode/DerivedData/ScannerSnap-fjzdjswwgvbpvmdfdokcshcchpwn/Build/Intermediates.noindex/ArchiveIntermediates/ScannerSnap/BuildProductsPath/Release-iphoneos -F/Users/runner/Library/Developer/Xcode/DerivedData/ScannerSnap-fjzdjswwgvbpvmdfdokcshcchpwn/Build/Intermediates.noindex/ArchiveIntermediates/ScannerSnap/IntermediateBuildFilesPath/EagerLinkingTBDs/Release-iphoneos -F/Users/runner/Library/Developer/Xcode/DerivedData/ScannerSnap-fjzdjswwgvbpvmdfdokcshcchpwn/Build/Intermediates.noindex/ArchiveIntermediates/ScannerSnap/BuildProductsPath/Release-iphoneos -F/Users/runner/work/ScannerSnap/ScannerSnap/Pods/UMCommon/UMCommon_7.5.10 -F/Users/runner/work/ScannerSnap/ScannerSnap/Pods/UMDevice/UMDevice_3.5.0 -F/Users/runner/Library/Developer/Xcode/DerivedData/ScannerSnap-fjzdjswwgvbpvmdfdokcshcchpwn/Build/Intermediates.noindex/ArchiveIntermediates/ScannerSnap/BuildProductsPath/Release-iphoneos/XCFrameworkIntermediates/UMCommon -F/Users/runner/Library/Developer/Xcode/DerivedData/ScannerSnap-fjzdjswwgvbpvmdfdokcshcchpwn/Build/Intermediates.noindex/ArchiveIntermediates/ScannerSnap/BuildProductsPath/Release-iphoneos/XCFrameworkIntermediates/UMDevice -filelist /Users/runner/Library/Developer/Xcode/DerivedData/ScannerSnap-fjzdjswwgvbpvmdfdokcshcchpwn/Build/Intermediates.noindex/ArchiveIntermediates/ScannerSnap/IntermediateBuildFilesPath/ScannerSnap.build/Release-iphoneos/ScannerSnap.build/Objects-normal/arm64/ScannerSnap.LinkFileList -Xlinker -rpath -Xlinker /usr/lib/swift -Xlinker -rpath -Xlinker @executable_path/Frameworks -Xlinker -rpath -Xlinker @loader_path/Frameworks -dead_strip -Xlinker -object_path_lto -Xlinker /Users/runner/Library/Developer/Xcode/DerivedData/ScannerSnap-fjzdjswwgvbpvmdfdokcshcchpwn/Build/Intermediates.noindex/ArchiveIntermediates/ScannerSnap/IntermediateBuildFilesPath/ScannerSnap.build/Release-iphoneos/ScannerSnap.build/Objects-normal/arm64/ScannerSnap_lto.o -Xlinker -final_output -Xlinker /Applications/ScannerSnap.app/ScannerSnap -Xlinker -dependency_info -Xlinker /Users/runner/Library/Developer/Xcode/DerivedData/ScannerSnap-fjzdjswwgvbpvmdfdokcshcchpwn/Build/Intermediates.noindex/ArchiveIntermediates/ScannerSnap/IntermediateBuildFilesPath/ScannerSnap.build/Release-iphoneos/ScannerSnap.build/Objects-normal/arm64/ScannerSnap_dependency_info.dat -fobjc-link-runtime -L/Applications/Xcode_26.3.app/Contents/Developer/Toolchains/XcodeDefault.xctoolchain/usr/lib/swift/iphoneos -L/usr/lib/swift -Xlinker -add_ast_path -Xlinker /Users/runner/Library/Developer/Xcode/DerivedData/ScannerSnap-fjzdjswwgvbpvmdfdokcshcchpwn/Build/Intermediates.noindex/ArchiveIntermediates/ScannerSnap/IntermediateBuildFilesPath/ScannerSnap.build/Release-iphoneos/ScannerSnap.build/Objects-normal/arm64/ScannerSnap.swiftmodule @/Users/runner/Library/Developer/Xcode/DerivedData/ScannerSnap-fjzdjswwgvbpvmdfdokcshcchpwn/Build/Intermediates.noindex/ArchiveIntermediates/ScannerSnap/IntermediateBuildFilesPath/ScannerSnap.build/Release-iphoneos/ScannerSnap.build/Objects-normal/arm64/ScannerSnap-linker-args.resp -ObjC -lsqlite3 -lz -framework CoreTelephony -framework SystemConfiguration -framework UMCommon -framework UMDevice -framework Pods_ScannerSnap -Xlinker -no_adhoc_codesign -o /Users/runner/Library/Developer/Xcode/DerivedData/ScannerSnap-fjzdjswwgvbpvmdfdokcshcchpwn/Build/Intermediates.noindex/ArchiveIntermediates/ScannerSnap/InstallationBuildProductsLocation/Applications/ScannerSnap.app/ScannerSnap

GenerateDSYMFile /Users/runner/Library/Developer/Xcode/DerivedData/ScannerSnap-fjzdjswwgvbpvmdfdokcshcchpwn/Build/Intermediates.noindex/ArchiveIntermediates/ScannerSnap/BuildProductsPath/Release-iphoneos/ScannerSnap.app.dSYM /Users/runner/Library/Developer/Xcode/DerivedData/ScannerSnap-fjzdjswwgvbpvmdfdokcshcchpwn/Build/Intermediates.noindex/ArchiveIntermediates/ScannerSnap/InstallationBuildProductsLocation/Applications/ScannerSnap.app/ScannerSnap (in target 'ScannerSnap' from project 'ScannerSnap')
    cd /Users/runner/work/ScannerSnap/ScannerSnap
    /Applications/Xcode_26.3.app/Contents/Developer/Toolchains/XcodeDefault.xctoolchain/usr/bin/dsymutil /Users/runner/Library/Developer/Xcode/DerivedData/ScannerSnap-fjzdjswwgvbpvmdfdokcshcchpwn/Build/Intermediates.noindex/ArchiveIntermediates/ScannerSnap/InstallationBuildProductsLocation/Applications/ScannerSnap.app/ScannerSnap -o /Users/runner/Library/Developer/Xcode/DerivedData/ScannerSnap-fjzdjswwgvbpvmdfdokcshcchpwn/Build/Intermediates.noindex/ArchiveIntermediates/ScannerSnap/BuildProductsPath/Release-iphoneos/ScannerSnap.app.dSYM

ExtractAppIntentsMetadata (in target 'ScannerSnap' from project 'ScannerSnap')
    cd /Users/runner/work/ScannerSnap/ScannerSnap
    /Applications/Xcode_26.3.app/Contents/Developer/Toolchains/XcodeDefault.xctoolchain/usr/bin/appintentsmetadataprocessor --toolchain-dir /var/run/com.apple.security.cryptexd/mnt/com.apple.MobileAsset.MetalToolchain-v17.3.7003.10.LEuVMW/Metal.xctoolchain --module-name ScannerSnap --sdk-root /Applications/Xcode_26.3.app/Contents/Developer/Platforms/iPhoneOS.platform/Developer/SDKs/iPhoneOS26.2.sdk --xcode-version 17C529 --platform-family iOS --deployment-target 15.0 --bundle-identifier com.scannersnap.tool.app --output /Users/runner/Library/Developer/Xcode/DerivedData/ScannerSnap-fjzdjswwgvbpvmdfdokcshcchpwn/Build/Intermediates.noindex/ArchiveIntermediates/ScannerSnap/InstallationBuildProductsLocation/Applications/ScannerSnap.app --target-triple arm64-apple-ios15.0 --binary-file /Users/runner/Library/Developer/Xcode/DerivedData/ScannerSnap-fjzdjswwgvbpvmdfdokcshcchpwn/Build/Intermediates.noindex/ArchiveIntermediates/ScannerSnap/InstallationBuildProductsLocation/Applications/ScannerSnap.app/ScannerSnap --dependency-file /Users/runner/Library/Developer/Xcode/DerivedData/ScannerSnap-fjzdjswwgvbpvmdfdokcshcchpwn/Build/Intermediates.noindex/ArchiveIntermediates/ScannerSnap/IntermediateBuildFilesPath/ScannerSnap.build/Release-iphoneos/ScannerSnap.build/Objects-normal/arm64/ScannerSnap_dependency_info.dat --stringsdata-file /Users/runner/Library/Developer/Xcode/DerivedData/ScannerSnap-fjzdjswwgvbpvmdfdokcshcchpwn/Build/Intermediates.noindex/ArchiveIntermediates/ScannerSnap/IntermediateBuildFilesPath/ScannerSnap.build/Release-iphoneos/ScannerSnap.build/Objects-normal/arm64/ExtractedAppShortcutsMetadata.stringsdata --source-file-list /Users/runner/Library/Developer/Xcode/DerivedData/ScannerSnap-fjzdjswwgvbpvmdfdokcshcchpwn/Build/Intermediates.noindex/ArchiveIntermediates/ScannerSnap/IntermediateBuildFilesPath/ScannerSnap.build/Release-iphoneos/ScannerSnap.build/Objects-normal/arm64/ScannerSnap.SwiftFileList --metadata-file-list /Users/runner/Library/Developer/Xcode/DerivedData/ScannerSnap-fjzdjswwgvbpvmdfdokcshcchpwn/Build/Intermediates.noindex/ArchiveIntermediates/ScannerSnap/IntermediateBuildFilesPath/ScannerSnap.build/Release-iphoneos/ScannerSnap.build/ScannerSnap.DependencyMetadataFileList --static-metadata-file-list /Users/runner/Library/Developer/Xcode/DerivedData/ScannerSnap-fjzdjswwgvbpvmdfdokcshcchpwn/Build/Intermediates.noindex/ArchiveIntermediates/ScannerSnap/IntermediateBuildFilesPath/ScannerSnap.build/Release-iphoneos/ScannerSnap.build/ScannerSnap.DependencyStaticMetadataFileList --swift-const-vals-list /Users/runner/Library/Developer/Xcode/DerivedData/ScannerSnap-fjzdjswwgvbpvmdfdokcshcchpwn/Build/Intermediates.noindex/ArchiveIntermediates/ScannerSnap/IntermediateBuildFilesPath/ScannerSnap.build/Release-iphoneos/ScannerSnap.build/Objects-normal/arm64/ScannerSnap.SwiftConstValuesFileList --compile-time-extraction --deployment-aware-processing --validate-assistant-intents --no-app-shortcuts-localization
2026-05-08 03:15:30.753 appintentsmetadataprocessor[4112:15095] Starting appintentsmetadataprocessor export
2026-05-08 03:15:30.761 appintentsmetadataprocessor[4112:15095] warning: Metadata extraction skipped. No AppIntents.framework dependency found.

CopySwiftLibs /Users/runner/Library/Developer/Xcode/DerivedData/ScannerSnap-fjzdjswwgvbpvmdfdokcshcchpwn/Build/Intermediates.noindex/ArchiveIntermediates/ScannerSnap/InstallationBuildProductsLocation/Applications/ScannerSnap.app (in target 'ScannerSnap' from project 'ScannerSnap')
    cd /Users/runner/work/ScannerSnap/ScannerSnap
    builtin-swiftStdLibTool --copy --verbose --sign 5AAC46DEDF9EE385BD3C483D54AF7A2D2CF8F486 --scan-executable /Users/runner/Library/Developer/Xcode/DerivedData/ScannerSnap-fjzdjswwgvbpvmdfdokcshcchpwn/Build/Intermediates.noindex/ArchiveIntermediates/ScannerSnap/InstallationBuildProductsLocation/Applications/ScannerSnap.app/ScannerSnap --scan-folder /Users/runner/Library/Developer/Xcode/DerivedData/ScannerSnap-fjzdjswwgvbpvmdfdokcshcchpwn/Build/Intermediates.noindex/ArchiveIntermediates/ScannerSnap/InstallationBuildProductsLocation/Applications/ScannerSnap.app/Frameworks --scan-folder /Users/runner/Library/Developer/Xcode/DerivedData/ScannerSnap-fjzdjswwgvbpvmdfdokcshcchpwn/Build/Intermediates.noindex/ArchiveIntermediates/ScannerSnap/InstallationBuildProductsLocation/Applications/ScannerSnap.app/PlugIns --scan-folder /Users/runner/Library/Developer/Xcode/DerivedData/ScannerSnap-fjzdjswwgvbpvmdfdokcshcchpwn/Build/Intermediates.noindex/ArchiveIntermediates/ScannerSnap/InstallationBuildProductsLocation/Applications/ScannerSnap.app/SystemExtensions --scan-folder /Users/runner/Library/Developer/Xcode/DerivedData/ScannerSnap-fjzdjswwgvbpvmdfdokcshcchpwn/Build/Intermediates.noindex/ArchiveIntermediates/ScannerSnap/InstallationBuildProductsLocation/Applications/ScannerSnap.app/Extensions --scan-folder /Users/runner/Library/Developer/Xcode/DerivedData/ScannerSnap-fjzdjswwgvbpvmdfdokcshcchpwn/Build/Intermediates.noindex/ArchiveIntermediates/ScannerSnap/BuildProductsPath/Release-iphoneos/Pods_ScannerSnap.framework --platform iphoneos --toolchain /var/run/com.apple.security.cryptexd/mnt/com.apple.MobileAsset.MetalToolchain-v17.3.7003.10.LEuVMW/Metal.xctoolchain --toolchain /Applications/Xcode_26.3.app/Contents/Developer/Toolchains/XcodeDefault.xctoolchain --destination /Users/runner/Library/Developer/Xcode/DerivedData/ScannerSnap-fjzdjswwgvbpvmdfdokcshcchpwn/Build/Intermediates.noindex/ArchiveIntermediates/ScannerSnap/InstallationBuildProductsLocation/Applications/ScannerSnap.app/Frameworks --unsigned-destination /Users/runner/Library/Developer/Xcode/DerivedData/ScannerSnap-fjzdjswwgvbpvmdfdokcshcchpwn/Build/Intermediates.noindex/ArchiveIntermediates/ScannerSnap/BuildProductsPath/SwiftSupport --strip-bitcode --strip-bitcode-tool /Applications/Xcode_26.3.app/Contents/Developer/Toolchains/XcodeDefault.xctoolchain/usr/bin/bitcode_strip --emit-dependency-info /Users/runner/Library/Developer/Xcode/DerivedData/ScannerSnap-fjzdjswwgvbpvmdfdokcshcchpwn/Build/Intermediates.noindex/ArchiveIntermediates/ScannerSnap/IntermediateBuildFilesPath/ScannerSnap.build/Release-iphoneos/ScannerSnap.build/SwiftStdLibToolInputDependencies.dep --filter-for-swift-os --back-deploy-swift-span

AppIntentsSSUTraining (in target 'ScannerSnap' from project 'ScannerSnap')
    cd /Users/runner/work/ScannerSnap/ScannerSnap
    /Applications/Xcode_26.3.app/Contents/Developer/Toolchains/XcodeDefault.xctoolchain/usr/bin/appintentsnltrainingprocessor --infoplist-path /Users/runner/Library/Developer/Xcode/DerivedData/ScannerSnap-fjzdjswwgvbpvmdfdokcshcchpwn/Build/Intermediates.noindex/ArchiveIntermediates/ScannerSnap/InstallationBuildProductsLocation/Applications/ScannerSnap.app/Info.plist --temp-dir-path /Users/runner/Library/Developer/Xcode/DerivedData/ScannerSnap-fjzdjswwgvbpvmdfdokcshcchpwn/Build/Intermediates.noindex/ArchiveIntermediates/ScannerSnap/IntermediateBuildFilesPath/ScannerSnap.build/Release-iphoneos/ScannerSnap.build/ssu --bundle-id com.scannersnap.tool.app --product-path /Users/runner/Library/Developer/Xcode/DerivedData/ScannerSnap-fjzdjswwgvbpvmdfdokcshcchpwn/Build/Intermediates.noindex/ArchiveIntermediates/ScannerSnap/InstallationBuildProductsLocation/Applications/ScannerSnap.app --extracted-metadata-path /Users/runner/Library/Developer/Xcode/DerivedData/ScannerSnap-fjzdjswwgvbpvmdfdokcshcchpwn/Build/Intermediates.noindex/ArchiveIntermediates/ScannerSnap/InstallationBuildProductsLocation/Applications/ScannerSnap.app/Metadata.appintents --deployment-postprocessing --metadata-file-list /Users/runner/Library/Developer/Xcode/DerivedData/ScannerSnap-fjzdjswwgvbpvmdfdokcshcchpwn/Build/Intermediates.noindex/ArchiveIntermediates/ScannerSnap/IntermediateBuildFilesPath/ScannerSnap.build/Release-iphoneos/ScannerSnap.build/ScannerSnap.DependencyMetadataFileList --archive-ssu-assets
2026-05-08 03:15:30.813 appintentsnltrainingprocessor[4115:15100] Parsing options for appintentsnltrainingprocessor
2026-05-08 03:15:30.814 appintentsnltrainingprocessor[4115:15100] No AppShortcuts found - Skipping.

Strip /Users/runner/Library/Developer/Xcode/DerivedData/ScannerSnap-fjzdjswwgvbpvmdfdokcshcchpwn/Build/Intermediates.noindex/ArchiveIntermediates/ScannerSnap/InstallationBuildProductsLocation/Applications/ScannerSnap.app/ScannerSnap (in target 'ScannerSnap' from project 'ScannerSnap')
    cd /Users/runner/work/ScannerSnap/ScannerSnap
    /Applications/Xcode_26.3.app/Contents/Developer/Toolchains/XcodeDefault.xctoolchain/usr/bin/strip -D /Users/runner/Library/Developer/Xcode/DerivedData/ScannerSnap-fjzdjswwgvbpvmdfdokcshcchpwn/Build/Intermediates.noindex/ArchiveIntermediates/ScannerSnap/InstallationBuildProductsLocation/Applications/ScannerSnap.app/ScannerSnap

SetOwnerAndGroup runner:staff /Users/runner/Library/Developer/Xcode/DerivedData/ScannerSnap-fjzdjswwgvbpvmdfdokcshcchpwn/Build/Intermediates.noindex/ArchiveIntermediates/ScannerSnap/InstallationBuildProductsLocation/Applications/ScannerSnap.app (in target 'ScannerSnap' from project 'ScannerSnap')
    cd /Users/runner/work/ScannerSnap/ScannerSnap
    /usr/sbin/chown -RH runner:staff /Users/runner/Library/Developer/Xcode/DerivedData/ScannerSnap-fjzdjswwgvbpvmdfdokcshcchpwn/Build/Intermediates.noindex/ArchiveIntermediates/ScannerSnap/InstallationBuildProductsLocation/Applications/ScannerSnap.app

SetMode u+w,go-w,a+rX /Users/runner/Library/Developer/Xcode/DerivedData/ScannerSnap-fjzdjswwgvbpvmdfdokcshcchpwn/Build/Intermediates.noindex/ArchiveIntermediates/ScannerSnap/InstallationBuildProductsLocation/Applications/ScannerSnap.app (in target 'ScannerSnap' from project 'ScannerSnap')
    cd /Users/runner/work/ScannerSnap/ScannerSnap
    /bin/chmod -RH u+w,go-w,a+rX /Users/runner/Library/Developer/Xcode/DerivedData/ScannerSnap-fjzdjswwgvbpvmdfdokcshcchpwn/Build/Intermediates.noindex/ArchiveIntermediates/ScannerSnap/InstallationBuildProductsLocation/Applications/ScannerSnap.app

CodeSign /Users/runner/Library/Developer/Xcode/DerivedData/ScannerSnap-fjzdjswwgvbpvmdfdokcshcchpwn/Build/Intermediates.noindex/ArchiveIntermediates/ScannerSnap/InstallationBuildProductsLocation/Applications/ScannerSnap.app (in target 'ScannerSnap' from project 'ScannerSnap')
    cd /Users/runner/work/ScannerSnap/ScannerSnap
    
    Signing Identity:     "Apple Distribution: yuzhong lai (6KQLWR65VK)"
    Provisioning Profile: "appstore-6756555412-20260508031428866"
                          (9c41b3e8-0f11-49ce-89b0-9f5bc55a47c4)
    
    /usr/bin/codesign --force --sign 5AAC46DEDF9EE385BD3C483D54AF7A2D2CF8F486 --entitlements /Users/runner/Library/Developer/Xcode/DerivedData/ScannerSnap-fjzdjswwgvbpvmdfdokcshcchpwn/Build/Intermediates.noindex/ArchiveIntermediates/ScannerSnap/IntermediateBuildFilesPath/ScannerSnap.build/Release-iphoneos/ScannerSnap.build/ScannerSnap.app.xcent --generate-entitlement-der /Users/runner/Library/Developer/Xcode/DerivedData/ScannerSnap-fjzdjswwgvbpvmdfdokcshcchpwn/Build/Intermediates.noindex/ArchiveIntermediates/ScannerSnap/InstallationBuildProductsLocation/Applications/ScannerSnap.app

RegisterExecutionPolicyException /Users/runner/Library/Developer/Xcode/DerivedData/ScannerSnap-fjzdjswwgvbpvmdfdokcshcchpwn/Build/Intermediates.noindex/ArchiveIntermediates/ScannerSnap/InstallationBuildProductsLocation/Applications/ScannerSnap.app (in target 'ScannerSnap' from project 'ScannerSnap')
    cd /Users/runner/work/ScannerSnap/ScannerSnap
    builtin-RegisterExecutionPolicyException /Users/runner/Library/Developer/Xcode/DerivedData/ScannerSnap-fjzdjswwgvbpvmdfdokcshcchpwn/Build/Intermediates.noindex/ArchiveIntermediates/ScannerSnap/InstallationBuildProductsLocation/Applications/ScannerSnap.app

Validate /Users/runner/Library/Developer/Xcode/DerivedData/ScannerSnap-fjzdjswwgvbpvmdfdokcshcchpwn/Build/Intermediates.noindex/ArchiveIntermediates/ScannerSnap/InstallationBuildProductsLocation/Applications/ScannerSnap.app (in target 'ScannerSnap' from project 'ScannerSnap')
    cd /Users/runner/work/ScannerSnap/ScannerSnap
    builtin-validationUtility /Users/runner/Library/Developer/Xcode/DerivedData/ScannerSnap-fjzdjswwgvbpvmdfdokcshcchpwn/Build/Intermediates.noindex/ArchiveIntermediates/ScannerSnap/InstallationBuildProductsLocation/Applications/ScannerSnap.app -validate-for-store -shallow-bundle -infoplist-subpath Info.plist

Touch /Users/runner/Library/Developer/Xcode/DerivedData/ScannerSnap-fjzdjswwgvbpvmdfdokcshcchpwn/Build/Intermediates.noindex/ArchiveIntermediates/ScannerSnap/InstallationBuildProductsLocation/Applications/ScannerSnap.app (in target 'ScannerSnap' from project 'ScannerSnap')
    cd /Users/runner/work/ScannerSnap/ScannerSnap
    /usr/bin/touch -c /Users/runner/Library/Developer/Xcode/DerivedData/ScannerSnap-fjzdjswwgvbpvmdfdokcshcchpwn/Build/Intermediates.noindex/ArchiveIntermediates/ScannerSnap/InstallationBuildProductsLocation/Applications/ScannerSnap.app

/Users/runner/work/ScannerSnap/ScannerSnap/Pods/Pods.xcodeproj: warning: The iOS deployment target 'IPHONEOS_DEPLOYMENT_TARGET' is set to 9.0, but the range of supported deployment target versions is 12.0 to 26.2.99. (in target 'UMDevice' from project 'Pods')
/Users/runner/work/ScannerSnap/ScannerSnap/Pods/Pods.xcodeproj: warning: The iOS deployment target 'IPHONEOS_DEPLOYMENT_TARGET' is set to 9.0, but the range of supported deployment target versions is 12.0 to 26.2.99. (in target 'UMCommon' from project 'Pods')
** ARCHIVE SUCCEEDED **

